-- phpMyAdmin SQL Dump
-- version 4.9.2
-- https://www.phpmyadmin.net/
--
-- Host: 127.0.0.1
-- Generation Time: Jan 13, 2021 at 12:44 PM
-- Server version: 10.4.10-MariaDB
-- PHP Version: 7.3.12

SET SQL_MODE = "NO_AUTO_VALUE_ON_ZERO";
SET AUTOCOMMIT = 0;
START TRANSACTION;
SET time_zone = "+00:00";


/*!40101 SET @OLD_CHARACTER_SET_CLIENT=@@CHARACTER_SET_CLIENT */;
/*!40101 SET @OLD_CHARACTER_SET_RESULTS=@@CHARACTER_SET_RESULTS */;
/*!40101 SET @OLD_COLLATION_CONNECTION=@@COLLATION_CONNECTION */;
/*!40101 SET NAMES utf8mb4 */;

--
-- Database: `egsac`
--

-- --------------------------------------------------------

--
-- Table structure for table `address`
--

CREATE TABLE `address` (
  `ID` int(11) NOT NULL,
  `Name` varchar(255) NOT NULL,
  `PID` int(11) NOT NULL
) ENGINE=InnoDB DEFAULT CHARSET=utf8mb4;

--
-- Dumping data for table `address`
--

INSERT INTO `address` (`ID`, `Name`, `PID`) VALUES
(1, 'Africa', 0),
(2, 'Asia', 0),
(3, 'Europe', 0),
(4, 'North America', 0),
(5, 'South America', 0),
(6, 'Australia', 0),
(7, 'Egypt', 1),
(8, 'Cairo', 7),
(9, 'Giza', 7),
(10, 'Maadi', 8),
(11, 'October', 9);

-- --------------------------------------------------------

--
-- Table structure for table `article`
--

CREATE TABLE `article` (
  `ID` int(11) NOT NULL,
  `ProductID` int(11) NOT NULL,
  `EventID` int(11) NOT NULL,
  `Title` varchar(255) NOT NULL,
  `Abstract` longtext NOT NULL,
  `Introduction` longtext NOT NULL,
  `Body` longtext NOT NULL,
  `Conclusion` longtext NOT NULL,
  `Refrence` longtext NOT NULL,
  `FileDir` varchar(255) NOT NULL,
  `Notify` tinyint(4) NOT NULL
) ENGINE=InnoDB DEFAULT CHARSET=utf8mb4;

--
-- Dumping data for table `article`
--

INSERT INTO `article` (`ID`, `ProductID`, `EventID`, `Title`, `Abstract`, `Introduction`, `Body`, `Conclusion`, `Refrence`, `FileDir`, `Notify`) VALUES
(1, 2, 1, 'Lorem ipsum dolor sit amet consectetur adipisicing elit. Quia, ullam!', 'Lorem ipsum dolor sit, amet consectetur adipisicing elit. Dolores alias dolor quo adipisci commodi? Iure ut itaque doloremque eum dignissimos modi, a consequuntur quis, pariatur cumque vero corporis mollitia minus. Temporibus sint velit maxime placeat consequuntur totam laboriosam iste facere perferendis molestiae, aspernatur nulla illo dolores quo dolorum dolorem! Expedita saepe ipsam natus itaque fugit fuga dolores, distinctio esse excepturi temporibus blanditiis error provident! Eum, harum quis accusamus natus ullam nostrum. Ea fuga eveniet quos ut sunt temporibus, doloribus expedita? Provident minima reprehenderit sapiente incidunt, et tempore! A nam iusto debitis! Quis enim accusantium necessitatibus, praesentium dolorem maiores. Recusandae, numquam.', 's', '', '', '', '5ffed6c907f065.79155289.txt', 0);

-- --------------------------------------------------------

--
-- Table structure for table `article_feedback`
--

CREATE TABLE `article_feedback` (
  `ID` int(11) NOT NULL,
  `ReviewID` int(11) NOT NULL,
  `Feedback` longtext NOT NULL,
  `Created` timestamp NOT NULL DEFAULT current_timestamp(),
  `Updated` timestamp NOT NULL DEFAULT current_timestamp(),
  `IsDeleted` tinyint(4) NOT NULL
) ENGINE=InnoDB DEFAULT CHARSET=utf8mb4;

--
-- Dumping data for table `article_feedback`
--

INSERT INTO `article_feedback` (`ID`, `ReviewID`, `Feedback`, `Created`, `Updated`, `IsDeleted`) VALUES
(1, 1, 'Nice Article', '2021-01-13 11:22:02', '2021-01-13 11:22:02', 0),
(2, 1, 'Good!', '2021-01-13 11:24:42', '2021-01-13 11:24:42', 0),
(3, 1, 'Not Bad', '2021-01-13 11:26:25', '2021-01-13 11:26:25', 0);

-- --------------------------------------------------------

--
-- Table structure for table `article_review`
--

CREATE TABLE `article_review` (
  `ID` int(11) NOT NULL,
  `ArticleID` int(11) NOT NULL,
  `UserID` int(11) NOT NULL,
  `StatusID` int(11) NOT NULL,
  `Created` timestamp NOT NULL DEFAULT current_timestamp(),
  `Updated` timestamp NOT NULL DEFAULT current_timestamp(),
  `IsDeleted` tinyint(4) NOT NULL
) ENGINE=InnoDB DEFAULT CHARSET=utf8mb4;

--
-- Dumping data for table `article_review`
--

INSERT INTO `article_review` (`ID`, `ArticleID`, `UserID`, `StatusID`, `Created`, `Updated`, `IsDeleted`) VALUES
(1, 1, 3, 8, '2021-01-13 11:18:00', '2021-01-13 11:18:00', 0);

-- --------------------------------------------------------

--
-- Table structure for table `career`
--

CREATE TABLE `career` (
  `ID` int(11) NOT NULL,
  `Name` varchar(255) NOT NULL,
  `CategoryID` int(11) NOT NULL
) ENGINE=InnoDB DEFAULT CHARSET=utf8mb4;

--
-- Dumping data for table `career`
--

INSERT INTO `career` (`ID`, `Name`, `CategoryID`) VALUES
(1, 'Organic Analysis ', 1),
(2, 'Inorganic Analysis ', 1),
(3, 'Gravimetric Analysis ', 2),
(4, 'Volumetric Analysis ', 2),
(5, 'Titrimetric Analysis ', 2),
(6, 'Electrochemical Analysis', 3),
(7, 'Hybrid Techniques', 3),
(8, 'Mass Spectrometry', 3),
(9, 'Microscopy', 3),
(10, 'Separation', 3),
(11, 'Spectroscopy', 3),
(12, 'Thermal Analysis', 3);

-- --------------------------------------------------------

--
-- Table structure for table `category`
--

CREATE TABLE `category` (
  `ID` int(11) NOT NULL,
  `Name` varchar(255) NOT NULL
) ENGINE=InnoDB DEFAULT CHARSET=utf8mb4;

--
-- Dumping data for table `category`
--

INSERT INTO `category` (`ID`, `Name`) VALUES
(1, 'Qualitative Analysis'),
(2, 'Quantitative Analysis'),
(3, 'Instrumental Analysis');

-- --------------------------------------------------------

--
-- Table structure for table `date`
--

CREATE TABLE `date` (
  `ID` int(11) NOT NULL,
  `TimeID` int(11) NOT NULL,
  `DayID` int(11) NOT NULL,
  `MonthID` int(11) NOT NULL
) ENGINE=InnoDB DEFAULT CHARSET=utf8mb4;

--
-- Dumping data for table `date`
--

INSERT INTO `date` (`ID`, `TimeID`, `DayID`, `MonthID`) VALUES
(1, 1, 1, 5),
(2, 2, 1, 6),
(3, 1, 2, 1),
(4, 2, 2, 7),
(5, 2, 3, 1),
(6, 2, 1, 2);

-- --------------------------------------------------------

--
-- Table structure for table `date_day`
--

CREATE TABLE `date_day` (
  `ID` int(11) NOT NULL,
  `Day` varchar(255) NOT NULL
) ENGINE=InnoDB DEFAULT CHARSET=utf8mb4;

--
-- Dumping data for table `date_day`
--

INSERT INTO `date_day` (`ID`, `Day`) VALUES
(1, 'Sunday'),
(2, 'Monday'),
(3, 'Tuesday'),
(4, 'Wednesday'),
(5, 'Thursday'),
(6, 'Friday'),
(7, 'Saterday');

-- --------------------------------------------------------

--
-- Table structure for table `date_month`
--

CREATE TABLE `date_month` (
  `ID` int(11) NOT NULL,
  `Month` varchar(255) NOT NULL
) ENGINE=InnoDB DEFAULT CHARSET=utf8mb4;

--
-- Dumping data for table `date_month`
--

INSERT INTO `date_month` (`ID`, `Month`) VALUES
(1, 'January'),
(2, 'February'),
(3, 'March'),
(4, 'April'),
(5, 'May'),
(6, 'June'),
(7, 'July'),
(8, 'Augest'),
(9, 'September'),
(10, 'October'),
(11, 'November'),
(12, 'December');

-- --------------------------------------------------------

--
-- Table structure for table `date_time`
--

CREATE TABLE `date_time` (
  `ID` int(11) NOT NULL,
  `Start` time NOT NULL,
  `End` time NOT NULL
) ENGINE=InnoDB DEFAULT CHARSET=utf8mb4;

--
-- Dumping data for table `date_time`
--

INSERT INTO `date_time` (`ID`, `Start`, `End`) VALUES
(1, '09:00:00', '06:00:00'),
(2, '12:00:00', '07:00:00');

-- --------------------------------------------------------

--
-- Table structure for table `event`
--

CREATE TABLE `event` (
  `ID` int(11) NOT NULL,
  `EventTypeID` int(11) NOT NULL,
  `Name` varchar(255) NOT NULL,
  `Description` text NOT NULL,
  `Created` timestamp NOT NULL DEFAULT current_timestamp(),
  `Updated` timestamp NOT NULL DEFAULT current_timestamp(),
  `IsDeleted` tinyint(4) NOT NULL
) ENGINE=InnoDB DEFAULT CHARSET=utf8mb4;

--
-- Dumping data for table `event`
--

INSERT INTO `event` (`ID`, `EventTypeID`, `Name`, `Description`, `Created`, `Updated`, `IsDeleted`) VALUES
(1, 1, 'Journal of Analytic Chemistry', 'Analytical chemistry is the science of obtaining, processing, and communicating information about the composition and structure of matter. In other words, it is the art and science of determining what matter is and how much of it.', '2020-12-17 07:22:35', '2020-12-26 21:44:25', 0),
(2, 2, 'Analytic Chemistry Confrence', 'Lorem ipsum dolor sit amet consectetur, adipisicing elit. Minima cum numquam eius dolorem odio odit, repellendus at ipsum quisquam quasi expedita in sapiente sed autem consequuntur amet tempore esse nam. Architecto molestias, nobis laudantium voluptatum odit distinctio at quaerat consequuntur veniam quibusdam dolorum a debitis magni, obcaecati, quam quo sequi aut. Cumque error laudantium corporis esse rerum repudiandae totam fugiat illum quod repellendus eos possimus aliquam velit ipsa odit ex rem nisi corrupti, consequatur eaque eum libero. Atque repellat ea dolorem expedita quidem, sed accusamus ipsa. Saepe doloribus, ipsa nulla veniam velit nostrum numquam nobis facere expedita voluptatibus consequuntur iusto repellendus dolore. Animi ex fuga cum expedita quod reprehenderit, ratione veniam quisquam unde aspernatur ipsa aperiam alias delectus? Eligendi eaque ipsum eum, totam architecto accusamus magni odio cum, modi itaque quis aspernatur tenetur quisquam dicta id beatae veniam natus cupiditate obcaecati commodi! Iusto consectetur quasi velit voluptate quae, natus, expedita quidem aliquid enim quam quibusdam nemo ratione ipsa alias id voluptas. Dolore ullam maxime sapiente non ab, dignissimos at fugiat, amet natus hic neque adipisci aspernatur aliquam quasi voluptatem inventore consequatur iste ad dolorum veniam sed culpa nobis. Distinctio quibusdam qui praesentium laboriosam nobis earum rem mollitia quaerat officiis recusandae!', '2021-01-13 10:47:08', '2021-01-13 10:47:08', 0);

-- --------------------------------------------------------

--
-- Table structure for table `event_category`
--

CREATE TABLE `event_category` (
  `ID` int(11) NOT NULL,
  `EventID` int(11) NOT NULL,
  `CategoryID` int(11) NOT NULL
) ENGINE=InnoDB DEFAULT CHARSET=utf8mb4;

--
-- Dumping data for table `event_category`
--

INSERT INTO `event_category` (`ID`, `EventID`, `CategoryID`) VALUES
(1, 1, 1);

-- --------------------------------------------------------

--
-- Table structure for table `event_type`
--

CREATE TABLE `event_type` (
  `ID` int(11) NOT NULL,
  `Type` varchar(255) NOT NULL
) ENGINE=InnoDB DEFAULT CHARSET=utf8mb4;

--
-- Dumping data for table `event_type`
--

INSERT INTO `event_type` (`ID`, `Type`) VALUES
(1, 'Journal'),
(2, 'Symposia'),
(3, 'Work Shop'),
(4, 'Confrence');

-- --------------------------------------------------------

--
-- Table structure for table `files`
--

CREATE TABLE `files` (
  `ID` int(11) NOT NULL,
  `FileTypeID` int(11) NOT NULL,
  `UserID` int(11) NOT NULL,
  `Name` varchar(255) NOT NULL,
  `Path` varchar(255) NOT NULL
) ENGINE=InnoDB DEFAULT CHARSET=utf8mb4;

-- --------------------------------------------------------

--
-- Table structure for table `filetype`
--

CREATE TABLE `filetype` (
  `ID` int(11) NOT NULL,
  `Type` varchar(255) NOT NULL
) ENGINE=InnoDB DEFAULT CHARSET=utf8mb4;

-- --------------------------------------------------------

--
-- Table structure for table `gender`
--

CREATE TABLE `gender` (
  `ID` int(11) NOT NULL,
  `Name` varchar(255) NOT NULL
) ENGINE=InnoDB DEFAULT CHARSET=utf8mb4;

--
-- Dumping data for table `gender`
--

INSERT INTO `gender` (`ID`, `Name`) VALUES
(1, 'Male'),
(2, 'Female');

-- --------------------------------------------------------

--
-- Table structure for table `language`
--

CREATE TABLE `language` (
  `ID` int(11) NOT NULL,
  `Name` varchar(255) NOT NULL
) ENGINE=InnoDB DEFAULT CHARSET=utf8mb4;

-- --------------------------------------------------------

--
-- Table structure for table `links`
--

CREATE TABLE `links` (
  `ID` int(11) NOT NULL,
  `Name` varchar(255) NOT NULL,
  `URL` text NOT NULL
) ENGINE=InnoDB DEFAULT CHARSET=utf8mb4;

--
-- Dumping data for table `links`
--

INSERT INTO `links` (`ID`, `Name`, `URL`) VALUES
(1, 'Pages', 'Pages.Controller.php'),
(2, '<i class=\"far fa-newspaper\"></i> Manage Articles', 'Journal/Journal.controller.php?Article=ManageArticles'),
(3, '<i class=\"far fa-edit\"></i> New Article', 'Journal/Journal.controller.php?Article=NewArticle'),
(4, '<i class=\"far fa-copy\"></i> My Articles', 'Journal/Journal.controller.php?Article=MyArticles'),
(5, '<i class=\"fas fa-poll\"></i> Manage Reviews', 'Journal/Journal.controller.php?Review=ManageReviews'),
(7, '<i class=\"fas fa-book-open\"></i> Manage Journals', 'Journal/Journal.controller.php?Journal=Manage'),
(8, '<i class=\"fas fa-id-card-alt\"></i> Membership', 'Membership/Membership.controller.php?Membership=Membership'),
(9, '<i class=\"fas fa-user-check\"></i> Membership Approval', 'Membership/Membership.controller.php?Membership=Approval'),
(10, '<i class=\"fas fa-users\"></i> Manage Members', 'Membership/Membership.controller.php?Membership=ManageMembers'),
(11, '<i class=\"fas fa-receipt\"></i> View Symposia', 'Symposia/Symposia.controller.php?Symp=View'),
(13, '<i class=\"fas fa-sitemap\"></i> Manage Symposia', 'Symposia/Symposia.controller.php?Symp=Manage'),
(14, '<i class=\"fas fa-users-cog\"></i> Manage Users', 'User/User.controller.php?User=Manage'),
(15, '<i class=\"fas fa-hand-holding-usd\"></i> Donation', 'User/User.controller.php?User=Donate'),
(16, '<i class=\"fas fa-shopping-cart\"></i> Products', 'Payment/Payment.controller.php?Products'),
(17, '<i class=\"fas fa-file-invoice\"></i> Reports', 'Dashboard/Dashboard.controller.php?Dashboard=Show'),
(18, '<i class=\"fas fa-swatchbook\"></i> Events', 'Event/Event.controller.php?Event=Manage'),
(19, '<i class=\"fas fa-archive\"></i> Archive', 'Archive/Archive.controller.php?Archive=Archive'),
(20, '<i class=\"fas fa-store-alt\"></i> ManageProducts', 'Payment/Payment.controller.php?Payment=ManageProduct'),
(21, '<i class=\"fas fa-money-check-alt\"></i> ManagePayment', 'Payment/Payment.controller.php?Payment=ManagePayMethod'),
(22, '<i class=\"fas fa-thumbtack\"></i> Manage Log', 'LogFunction/LogFunction.controller.php?Log=ManageLog');

-- --------------------------------------------------------

--
-- Table structure for table `log`
--

CREATE TABLE `log` (
  `ID` int(11) NOT NULL,
  `UserID` int(11) NOT NULL,
  `FunctionID` int(255) NOT NULL,
  `DateTimeStamp` timestamp NOT NULL DEFAULT current_timestamp()
) ENGINE=InnoDB DEFAULT CHARSET=utf8mb4;

--
-- Dumping data for table `log`
--

INSERT INTO `log` (`ID`, `UserID`, `FunctionID`, `DateTimeStamp`) VALUES
(1, 1, 2, '2020-12-27 08:48:17'),
(5, 1, 1, '2020-12-27 09:09:16'),
(6, 1, 2, '2020-12-27 09:09:23'),
(7, 1, 1, '2020-12-27 09:43:53'),
(8, 1, 2, '2020-12-27 09:45:17'),
(9, 1, 1, '2020-12-27 09:45:49'),
(10, 1, 3, '2020-12-27 09:56:36'),
(11, 1, 3, '2020-12-27 09:56:57'),
(12, 1, 3, '2020-12-27 10:00:09'),
(13, 1, 3, '2020-12-27 10:00:10'),
(14, 1, 3, '2020-12-27 10:00:10'),
(15, 1, 4, '2020-12-27 10:01:26'),
(16, 1, 4, '2020-12-27 10:01:56'),
(17, 1, 3, '2020-12-27 10:01:57'),
(18, 1, 3, '2020-12-27 10:02:03'),
(19, 1, 3, '2020-12-27 10:04:14'),
(20, 1, 3, '2020-12-27 10:06:19'),
(21, 1, 1, '2020-12-27 10:06:25'),
(22, 1, 3, '2020-12-27 10:06:26'),
(23, 1, 1, '2020-12-27 10:06:32'),
(24, 1, 3, '2020-12-27 10:06:32'),
(25, 1, 1, '2020-12-27 10:06:36'),
(26, 1, 3, '2020-12-27 10:06:36'),
(27, 1, 1, '2020-12-27 10:06:40'),
(28, 1, 3, '2020-12-27 10:06:41'),
(29, 1, 1, '2020-12-27 10:07:02'),
(30, 1, 3, '2020-12-27 10:07:02'),
(31, 1, 1, '2020-12-27 10:07:04'),
(32, 1, 3, '2020-12-27 10:07:04'),
(33, 1, 1, '2020-12-27 10:07:24'),
(34, 1, 3, '2020-12-27 10:07:25'),
(35, 1, 1, '2020-12-27 10:07:44'),
(36, 1, 3, '2020-12-27 10:07:44'),
(37, 1, 3, '2020-12-27 10:08:19'),
(38, 1, 1, '2020-12-27 10:08:24'),
(39, 1, 3, '2020-12-27 10:08:25'),
(40, 1, 3, '2020-12-27 10:08:44'),
(41, 1, 2, '2020-12-27 10:09:07'),
(42, 4, 1, '2020-12-27 10:09:10'),
(43, 4, 2, '2020-12-27 10:09:18'),
(44, 4, 1, '2020-12-27 10:09:21'),
(45, 4, 2, '2020-12-27 10:09:47'),
(46, 3, 1, '2020-12-27 10:09:53'),
(47, 1, 1, '2020-12-27 10:10:27'),
(48, 1, 2, '2020-12-27 10:10:29'),
(49, 4, 1, '2020-12-27 10:10:32'),
(50, 4, 2, '2020-12-27 10:10:36'),
(51, 4, 1, '2020-12-27 10:11:28'),
(52, 4, 1, '2020-12-27 10:11:33'),
(53, 4, 6, '2020-12-27 10:18:12'),
(54, 4, 6, '2020-12-27 10:18:28'),
(55, 4, 6, '2020-12-27 10:22:13'),
(56, 4, 1, '2020-12-27 10:22:14'),
(57, 4, 1, '2020-12-27 10:25:46'),
(58, 4, 1, '2020-12-27 10:25:51'),
(59, 4, 6, '2020-12-27 10:25:51'),
(60, 4, 1, '2020-12-27 10:26:00'),
(61, 4, 1, '2020-12-27 10:26:01'),
(62, 4, 6, '2020-12-27 10:26:02'),
(63, 4, 1, '2020-12-27 10:26:06'),
(64, 4, 1, '2020-12-27 10:26:08'),
(65, 4, 6, '2020-12-27 10:26:08'),
(66, 4, 1, '2020-12-27 10:26:42'),
(67, 4, 1, '2020-12-27 10:38:02'),
(68, 4, 2, '2020-12-27 10:38:05'),
(69, 1, 1, '2020-12-27 10:38:07'),
(70, 1, 3, '2020-12-27 10:38:11'),
(71, 1, 3, '2020-12-27 10:40:31'),
(72, 1, 3, '2020-12-27 10:40:33'),
(73, 1, 3, '2020-12-27 10:40:33'),
(74, 1, 3, '2020-12-27 10:41:05'),
(75, 1, 3, '2020-12-27 10:44:50'),
(76, 1, 3, '2020-12-27 10:45:40'),
(77, 1, 5, '2020-12-27 10:47:02'),
(78, 1, 3, '2020-12-27 10:47:02'),
(79, 1, 5, '2020-12-27 10:47:16'),
(80, 1, 3, '2020-12-27 10:47:16'),
(81, 1, 2, '2020-12-27 10:50:12'),
(82, 4, 1, '2020-12-27 10:50:15'),
(83, 4, 6, '2020-12-27 10:50:17'),
(84, 4, 6, '2020-12-27 11:06:30'),
(85, 4, 1, '2020-12-27 11:06:34'),
(86, 4, 6, '2020-12-27 11:06:38'),
(87, 4, 6, '2020-12-27 11:06:49'),
(88, 4, 6, '2020-12-27 11:06:53'),
(89, 4, 6, '2020-12-27 11:27:10'),
(90, 4, 7, '2020-12-27 11:27:12'),
(91, 4, 8, '2020-12-27 11:27:14'),
(92, 4, 8, '2020-12-27 11:28:22'),
(93, 4, 6, '2020-12-27 11:28:22'),
(94, 4, 7, '2020-12-27 11:28:24'),
(95, 4, 8, '2020-12-27 11:28:26'),
(96, 4, 6, '2020-12-27 11:28:26'),
(97, 4, 7, '2020-12-27 11:28:28'),
(98, 4, 8, '2020-12-27 11:28:30'),
(99, 4, 6, '2020-12-27 11:28:30'),
(100, 4, 7, '2020-12-27 11:28:33'),
(101, 4, 6, '2020-12-27 11:28:37'),
(102, 4, 2, '2020-12-27 11:28:40'),
(103, 1, 1, '2020-12-27 11:28:44'),
(104, 1, 3, '2020-12-27 11:28:46'),
(105, 1, 2, '2020-12-27 11:28:51'),
(106, 4, 1, '2020-12-27 11:28:54'),
(107, 4, 6, '2020-12-27 11:28:57'),
(108, 4, 7, '2020-12-27 11:28:59'),
(109, 4, 8, '2020-12-27 11:29:01'),
(110, 4, 6, '2020-12-27 11:29:02'),
(111, 4, 2, '2020-12-27 11:29:05'),
(112, 1, 1, '2020-12-27 11:29:07'),
(113, 1, 3, '2020-12-27 11:29:09'),
(114, 1, 1, '2020-12-27 11:29:13'),
(115, 1, 9, '2020-12-27 11:34:40'),
(116, 1, 9, '2020-12-27 11:34:41'),
(117, 1, 9, '2020-12-27 11:34:55'),
(118, 1, 9, '2020-12-27 11:36:11'),
(119, 1, 9, '2020-12-27 11:36:12'),
(120, 1, 9, '2020-12-27 11:36:12'),
(121, 1, 3, '2020-12-27 11:36:29'),
(122, 1, 9, '2020-12-27 11:36:31'),
(123, 1, 9, '2020-12-27 11:36:43'),
(124, 1, 9, '2020-12-27 11:36:44'),
(125, 1, 3, '2020-12-27 11:36:45'),
(126, 1, 9, '2020-12-27 11:36:47'),
(127, 1, 9, '2020-12-27 11:38:03'),
(128, 1, 9, '2020-12-27 11:38:04'),
(129, 1, 9, '2020-12-27 11:38:04'),
(130, 1, 9, '2020-12-27 11:38:04'),
(131, 1, 3, '2020-12-27 11:38:05'),
(132, 1, 9, '2020-12-27 11:38:07'),
(133, 1, 9, '2020-12-27 11:38:33'),
(134, 1, 9, '2020-12-27 11:38:35'),
(135, 1, 3, '2020-12-27 11:38:41'),
(136, 1, 9, '2020-12-27 11:38:43'),
(137, 1, 3, '2020-12-27 11:41:49'),
(138, 1, 3, '2020-12-27 11:41:50'),
(139, 1, 9, '2020-12-27 11:41:51'),
(140, 1, 3, '2020-12-27 11:41:55'),
(141, 1, 2, '2020-12-27 11:42:12'),
(142, 4, 1, '2020-12-27 11:42:15'),
(143, 4, 6, '2020-12-27 11:42:22'),
(144, 4, 6, '2020-12-27 11:42:41'),
(145, 4, 6, '2020-12-27 11:42:42'),
(146, 4, 6, '2020-12-27 11:42:42'),
(147, 4, 6, '2020-12-27 11:42:43'),
(148, 4, 6, '2020-12-27 11:42:44'),
(149, 4, 6, '2020-12-27 11:42:48'),
(150, 4, 6, '2020-12-27 11:44:49'),
(151, 4, 7, '2020-12-27 11:44:56'),
(152, 4, 6, '2020-12-27 11:45:01'),
(153, 4, 7, '2020-12-27 11:45:03'),
(154, 4, 6, '2020-12-27 11:45:06'),
(155, 4, 2, '2020-12-27 11:45:38'),
(156, 1, 1, '2020-12-27 11:45:41'),
(157, 1, 3, '2020-12-27 11:45:46'),
(158, 1, 3, '2020-12-27 11:51:56'),
(159, 1, 2, '2020-12-27 11:52:37'),
(160, 4, 1, '2020-12-27 11:52:40'),
(161, 4, 6, '2020-12-27 11:53:11'),
(162, 4, 1, '2020-12-27 11:53:24'),
(163, 4, 6, '2020-12-27 11:53:24'),
(164, 4, 6, '2020-12-27 11:53:26'),
(165, 4, 6, '2020-12-27 11:53:31'),
(166, 4, 6, '2020-12-27 11:53:33'),
(167, 4, 6, '2020-12-27 11:54:29'),
(168, 4, 6, '2020-12-27 11:54:30'),
(169, 4, 2, '2020-12-27 11:57:22'),
(170, 1, 1, '2020-12-27 11:58:59'),
(171, 1, 3, '2020-12-27 11:59:02'),
(172, 1, 4, '2020-12-27 11:59:39'),
(173, 1, 3, '2020-12-27 11:59:40'),
(174, 1, 2, '2020-12-27 11:59:47'),
(175, 4, 1, '2020-12-27 11:59:51'),
(176, 4, 6, '2020-12-27 11:59:54'),
(177, 4, 7, '2020-12-27 11:59:59'),
(178, 4, 8, '2020-12-27 12:00:03'),
(179, 4, 6, '2020-12-27 12:00:03'),
(180, 4, 2, '2020-12-27 12:00:06'),
(181, 1, 1, '2020-12-27 12:00:11'),
(182, 1, 3, '2020-12-27 12:00:14'),
(183, 1, 9, '2020-12-27 12:00:18'),
(184, 1, 9, '2020-12-27 12:00:44'),
(185, 1, 3, '2020-12-27 12:00:45'),
(186, 1, 2, '2020-12-27 12:00:52'),
(187, 4, 1, '2020-12-27 12:00:56'),
(188, 4, 6, '2020-12-27 12:01:01'),
(189, 4, 6, '2020-12-27 12:04:03'),
(190, 4, 8, '2020-12-27 12:04:05'),
(191, 4, 6, '2020-12-27 12:04:06'),
(192, 4, 6, '2020-12-27 12:04:13'),
(193, 4, 6, '2020-12-27 12:04:14'),
(194, 4, 6, '2020-12-27 12:04:29'),
(195, 4, 6, '2020-12-27 12:04:53'),
(196, 4, 6, '2020-12-27 12:06:06'),
(197, 4, 6, '2020-12-27 12:06:52'),
(198, 4, 8, '2020-12-27 12:06:54'),
(199, 4, 6, '2020-12-27 12:06:54'),
(200, 4, 8, '2020-12-27 12:06:56'),
(201, 4, 6, '2020-12-27 12:06:56'),
(202, 4, 8, '2020-12-27 12:07:00'),
(203, 4, 6, '2020-12-27 12:07:01'),
(204, 4, 8, '2020-12-27 12:07:02'),
(205, 4, 6, '2020-12-27 12:07:03'),
(206, 4, 8, '2020-12-27 12:07:09'),
(207, 4, 6, '2020-12-27 12:07:09'),
(208, 4, 8, '2020-12-27 12:07:11'),
(209, 4, 6, '2020-12-27 12:07:12'),
(210, 4, 6, '2020-12-27 12:08:29'),
(211, 4, 6, '2020-12-27 12:12:44'),
(212, 4, 8, '2020-12-27 12:12:49'),
(213, 4, 8, '2020-12-27 12:13:01'),
(214, 4, 6, '2020-12-27 12:13:02'),
(215, 4, 2, '2020-12-27 12:13:07'),
(216, 1, 1, '2020-12-27 12:13:14'),
(217, 1, 2, '2020-12-27 12:13:22'),
(218, 4, 1, '2020-12-27 12:13:29'),
(219, 4, 6, '2020-12-27 12:13:33'),
(220, 4, 2, '2020-12-27 13:59:38'),
(221, 3, 1, '2020-12-27 13:59:44'),
(222, 3, 2, '2020-12-27 14:06:45'),
(223, 4, 1, '2020-12-27 14:06:49'),
(224, 4, 2, '2020-12-27 18:35:22'),
(225, 2, 1, '2020-12-27 18:35:26'),
(226, 2, 2, '2020-12-27 18:35:28'),
(227, 3, 1, '2020-12-27 18:35:36'),
(228, 3, 2, '2020-12-27 18:35:47'),
(229, 4, 1, '2020-12-27 18:35:55'),
(230, 4, 2, '2020-12-27 18:36:09'),
(231, 2, 1, '2020-12-27 18:36:13'),
(232, 2, 2, '2020-12-27 18:36:19'),
(233, 3, 1, '2020-12-27 18:36:23'),
(234, 3, 2, '2020-12-27 18:36:34'),
(235, 3, 1, '2020-12-27 18:36:40'),
(236, 3, 2, '2020-12-27 18:37:05'),
(237, 2, 1, '2020-12-27 18:37:08'),
(238, 2, 2, '2020-12-27 18:37:26'),
(239, 4, 1, '2020-12-27 18:37:28'),
(240, 4, 2, '2020-12-27 18:38:41'),
(241, 3, 1, '2020-12-27 18:38:47'),
(242, 3, 2, '2020-12-27 19:00:44'),
(243, 2, 1, '2020-12-27 19:00:48'),
(244, 2, 2, '2020-12-27 19:11:44'),
(245, 3, 1, '2020-12-27 19:11:47'),
(246, 3, 2, '2020-12-27 19:40:56'),
(247, 2, 1, '2020-12-27 19:41:01'),
(248, 2, 2, '2020-12-27 20:28:14'),
(249, 4, 1, '2020-12-27 20:28:18'),
(250, 4, 2, '2020-12-27 20:28:43'),
(251, 3, 1, '2020-12-27 20:28:47'),
(252, 3, 2, '2020-12-27 20:29:33'),
(253, 2, 1, '2020-12-27 20:29:37'),
(254, 2, 2, '2020-12-27 20:30:19'),
(255, 4, 1, '2020-12-27 20:30:23'),
(256, 4, 2, '2020-12-27 20:31:50'),
(257, 0, 2, '2020-12-27 23:59:14'),
(258, 1, 1, '2020-12-27 23:59:37'),
(259, 1, 2, '2020-12-27 23:59:43'),
(260, 0, 2, '2020-12-28 00:00:06'),
(261, 1, 1, '2020-12-28 00:09:36'),
(262, 1, 2, '2020-12-28 00:09:41'),
(263, 9, 1, '2020-12-28 00:09:48'),
(264, 9, 1, '2020-12-28 00:11:22'),
(265, 9, 2, '2020-12-28 00:11:49'),
(266, 9, 1, '2020-12-28 00:11:54'),
(267, 9, 2, '2020-12-28 00:12:58'),
(268, 9, 1, '2020-12-28 00:13:09'),
(269, 9, 2, '2020-12-28 00:24:28'),
(270, 9, 1, '2020-12-28 00:25:24'),
(271, 9, 2, '2020-12-28 11:15:31'),
(272, 1, 1, '2020-12-28 11:15:41'),
(273, 1, 2, '2020-12-28 11:15:47'),
(274, 9, 1, '2020-12-28 11:15:54'),
(275, 9, 2, '2020-12-28 12:09:08'),
(276, 4, 1, '2020-12-28 14:02:19'),
(277, 4, 2, '2020-12-28 17:05:11'),
(278, 1, 1, '2020-12-28 17:09:39'),
(279, 1, 2, '2020-12-28 17:10:59'),
(280, 2, 1, '2020-12-28 17:34:52'),
(281, 2, 2, '2020-12-28 17:40:49'),
(282, 1, 1, '2020-12-28 17:41:07'),
(283, 1, 2, '2020-12-28 17:44:34'),
(284, 1, 1, '2020-12-28 17:44:42'),
(285, 1, 2, '2020-12-28 17:50:54'),
(286, 9, 1, '2020-12-28 17:51:02'),
(287, 9, 2, '2020-12-28 17:51:10'),
(288, 1, 1, '2020-12-28 17:51:21'),
(289, 1, 2, '2020-12-28 18:37:05'),
(290, 1, 1, '2020-12-28 18:37:10'),
(291, 1, 2, '2020-12-28 21:31:34'),
(292, 1, 1, '2020-12-28 21:31:53'),
(293, 1, 3, '2020-12-28 21:36:25'),
(294, 1, 3, '2020-12-28 21:36:25'),
(295, 1, 3, '2020-12-28 21:36:32'),
(296, 1, 3, '2020-12-28 21:37:13'),
(297, 1, 3, '2020-12-28 21:37:56'),
(298, 1, 3, '2020-12-28 21:39:02'),
(299, 1, 3, '2020-12-28 21:39:03'),
(300, 1, 3, '2020-12-28 21:39:20'),
(301, 1, 3, '2020-12-28 21:39:21'),
(302, 1, 3, '2020-12-28 21:39:21'),
(303, 1, 3, '2020-12-28 21:39:22'),
(304, 1, 3, '2020-12-28 21:39:22'),
(305, 1, 3, '2020-12-28 21:39:22'),
(306, 1, 3, '2020-12-28 21:39:23'),
(307, 1, 3, '2020-12-28 21:39:25'),
(308, 1, 3, '2020-12-28 21:39:25'),
(309, 1, 3, '2020-12-28 21:39:28'),
(310, 1, 3, '2020-12-28 21:39:29'),
(311, 1, 3, '2020-12-28 21:39:37'),
(312, 1, 3, '2020-12-28 21:39:38'),
(313, 1, 3, '2020-12-28 21:39:38'),
(314, 1, 3, '2020-12-28 21:39:40'),
(315, 1, 3, '2020-12-28 21:40:06'),
(316, 1, 3, '2020-12-28 21:40:13'),
(317, 1, 3, '2020-12-28 21:40:30'),
(318, 1, 5, '2020-12-28 21:40:47'),
(319, 1, 3, '2020-12-28 21:40:48'),
(320, 1, 5, '2020-12-28 21:40:51'),
(321, 1, 3, '2020-12-28 21:40:52'),
(322, 1, 5, '2020-12-28 21:40:57'),
(323, 1, 3, '2020-12-28 21:40:57'),
(324, 1, 3, '2020-12-28 21:42:35'),
(325, 1, 3, '2020-12-28 21:42:35'),
(326, 1, 3, '2020-12-28 21:42:36'),
(327, 1, 3, '2020-12-28 21:42:36'),
(328, 1, 3, '2020-12-28 21:42:36'),
(329, 1, 3, '2020-12-28 21:42:42'),
(330, 1, 3, '2020-12-28 21:47:31'),
(331, 1, 3, '2020-12-28 21:47:46'),
(332, 1, 3, '2020-12-28 21:47:52'),
(333, 1, 3, '2020-12-28 21:47:53'),
(334, 1, 3, '2020-12-28 21:47:54'),
(335, 1, 3, '2020-12-28 21:57:22'),
(336, 1, 2, '2020-12-28 21:57:23'),
(337, 4, 1, '2020-12-28 21:57:28'),
(338, 4, 6, '2020-12-28 21:57:34'),
(339, 4, 6, '2020-12-28 21:57:38'),
(340, 4, 2, '2020-12-28 22:17:46'),
(341, 0, 2, '2020-12-28 22:17:53'),
(342, 1, 1, '2020-12-28 22:18:15'),
(343, 1, 2, '2020-12-28 22:18:16'),
(344, 1, 1, '2020-12-28 22:18:39'),
(345, 1, 2, '2020-12-28 22:19:42'),
(346, 2, 1, '2020-12-28 22:42:59'),
(347, 2, 2, '2020-12-28 22:46:53'),
(348, 4, 1, '2020-12-28 22:46:57'),
(349, 4, 6, '2020-12-28 22:47:07'),
(350, 4, 6, '2020-12-28 22:56:12'),
(351, 4, 6, '2020-12-28 22:56:15'),
(352, 4, 7, '2020-12-28 22:56:16'),
(353, 4, 2, '2020-12-28 22:57:01'),
(354, 0, 2, '2020-12-28 22:57:04'),
(355, 4, 1, '2020-12-28 22:57:31'),
(356, 4, 6, '2020-12-28 22:57:57'),
(357, 4, 7, '2020-12-28 22:58:16'),
(358, 4, 7, '2020-12-28 22:58:32'),
(359, 4, 2, '2020-12-28 23:27:34'),
(360, 0, 2, '2020-12-28 23:28:42'),
(361, 4, 1, '2020-12-28 23:28:49'),
(362, 4, 2, '2020-12-28 23:28:52'),
(363, 0, 2, '2020-12-28 23:28:59'),
(364, 1, 1, '2020-12-28 23:29:10'),
(365, 1, 2, '2020-12-28 23:29:13'),
(366, 4, 1, '2020-12-28 23:29:29'),
(367, 4, 2, '2020-12-28 23:29:36'),
(368, 4, 1, '2020-12-28 23:29:44'),
(369, 4, 2, '2020-12-28 23:30:07'),
(370, 0, 2, '2020-12-28 23:30:08'),
(371, 4, 1, '2020-12-28 23:30:11'),
(372, 4, 2, '2020-12-28 23:30:15'),
(373, 4, 1, '2020-12-28 23:30:21'),
(374, 4, 2, '2020-12-28 23:31:04'),
(375, 0, 2, '2020-12-28 23:31:05'),
(376, 4, 1, '2020-12-28 23:31:08'),
(377, 4, 2, '2020-12-28 23:31:09'),
(378, 0, 2, '2020-12-28 23:31:19'),
(379, 4, 1, '2020-12-28 23:31:46'),
(380, 4, 2, '2020-12-28 23:31:48'),
(381, 0, 2, '2020-12-28 23:32:16'),
(382, 0, 2, '2020-12-28 23:32:17'),
(383, 0, 2, '2020-12-28 23:32:17'),
(384, 0, 2, '2020-12-28 23:32:23'),
(385, 0, 2, '2020-12-28 23:32:23'),
(386, 0, 2, '2020-12-28 23:32:24'),
(387, 0, 2, '2020-12-28 23:32:24'),
(388, 0, 2, '2020-12-28 23:32:25'),
(389, 0, 2, '2020-12-28 23:32:28'),
(390, 1, 1, '2020-12-28 23:32:42'),
(391, 1, 2, '2020-12-28 23:32:44'),
(392, 4, 1, '2020-12-28 23:32:50'),
(393, 4, 2, '2020-12-28 23:32:51'),
(394, 0, 2, '2020-12-28 23:32:53'),
(395, 4, 1, '2020-12-28 23:32:59'),
(396, 4, 2, '2020-12-28 23:33:02'),
(397, 0, 2, '2020-12-28 23:33:20'),
(398, 4, 1, '2020-12-28 23:33:34'),
(399, 4, 1, '2020-12-28 23:33:42'),
(400, 4, 1, '2020-12-28 23:33:48'),
(401, 4, 2, '2020-12-28 23:33:53'),
(402, 0, 2, '2020-12-28 23:33:54'),
(403, 4, 1, '2020-12-28 23:35:00'),
(404, 4, 2, '2020-12-28 23:35:02'),
(405, 0, 2, '2020-12-28 23:36:10'),
(406, 4, 1, '2020-12-28 23:36:15'),
(407, 4, 2, '2020-12-28 23:36:21'),
(408, 1, 1, '2020-12-28 23:36:26'),
(409, 1, 2, '2020-12-28 23:36:27'),
(410, 4, 1, '2020-12-28 23:36:29'),
(411, 4, 2, '2020-12-29 00:30:41'),
(412, 1, 1, '2020-12-29 00:30:54'),
(413, 1, 3, '2020-12-29 00:55:34'),
(414, 1, 3, '2020-12-29 00:55:39'),
(415, 1, 2, '2020-12-29 07:37:13'),
(416, 1, 1, '2020-12-29 07:44:20'),
(417, 1, 2, '2020-12-29 08:44:09'),
(418, 1, 1, '2020-12-29 08:44:19'),
(419, 1, 2, '2020-12-29 08:47:06'),
(420, 4, 1, '2020-12-29 08:47:09'),
(421, 4, 2, '2020-12-29 08:48:01'),
(422, 1, 1, '2020-12-29 08:48:04'),
(423, 1, 2, '2020-12-29 08:49:48'),
(424, 4, 1, '2020-12-29 08:49:51'),
(425, 4, 2, '2020-12-29 08:50:01'),
(426, 5, 1, '2020-12-29 08:50:06'),
(427, 5, 2, '2020-12-29 08:50:12'),
(428, 2, 1, '2020-12-29 08:50:18'),
(429, 2, 2, '2020-12-29 08:50:21'),
(430, 1, 1, '2020-12-29 08:50:26'),
(431, 1, 2, '2020-12-29 08:51:01'),
(432, 1, 1, '2020-12-29 08:51:04'),
(433, 1, 3, '2020-12-29 08:51:11'),
(434, 1, 2, '2020-12-29 08:53:30'),
(435, 4, 1, '2020-12-29 08:53:33'),
(436, 4, 2, '2020-12-29 08:53:46'),
(437, 1, 1, '2020-12-29 08:53:50'),
(438, 5, 1, '2020-12-29 08:53:57'),
(439, 5, 2, '2020-12-29 08:54:01'),
(440, 4, 1, '2020-12-29 08:54:04'),
(441, 4, 2, '2020-12-29 08:54:06'),
(442, 1, 1, '2020-12-29 08:54:10'),
(443, 1, 3, '2020-12-29 08:57:37'),
(444, 1, 2, '2020-12-29 08:57:38'),
(445, 1, 1, '2020-12-29 08:57:41'),
(446, 1, 3, '2020-12-29 08:57:43'),
(447, 1, 3, '2020-12-29 08:58:52'),
(448, 1, 3, '2020-12-29 08:59:20'),
(449, 1, 3, '2020-12-29 09:00:02'),
(450, 1, 3, '2020-12-29 09:00:12'),
(451, 1, 3, '2020-12-29 09:00:14'),
(452, 1, 3, '2020-12-29 09:00:17'),
(453, 1, 3, '2020-12-29 09:00:22'),
(454, 1, 2, '2020-12-29 09:00:27'),
(455, 4, 1, '2020-12-29 09:00:30'),
(456, 4, 2, '2020-12-29 09:00:37'),
(457, 1, 1, '2020-12-29 09:00:40'),
(458, 1, 3, '2020-12-29 09:58:45'),
(459, 1, 3, '2020-12-29 09:58:45'),
(460, 1, 3, '2020-12-29 09:59:01'),
(461, 1, 3, '2020-12-29 09:59:05'),
(462, 1, 3, '2020-12-29 09:59:49'),
(463, 1, 3, '2020-12-29 09:59:57'),
(464, 1, 3, '2020-12-29 09:59:57'),
(465, 1, 2, '2020-12-29 12:07:56'),
(466, 1, 1, '2020-12-29 12:08:08'),
(467, 1, 2, '2020-12-29 12:08:10'),
(468, 4, 1, '2020-12-29 12:08:12'),
(469, 4, 2, '2020-12-29 12:08:15'),
(470, 4, 1, '2020-12-29 12:08:44'),
(471, 4, 2, '2020-12-29 12:09:51'),
(472, 1, 1, '2020-12-29 12:14:30'),
(473, 1, 3, '2020-12-29 12:14:54'),
(474, 1, 2, '2020-12-29 12:14:55'),
(475, 1, 1, '2020-12-29 12:14:59'),
(476, 1, 3, '2020-12-29 12:26:30'),
(477, 1, 2, '2020-12-29 12:30:09'),
(478, 1, 1, '2020-12-29 12:30:14'),
(479, 1, 3, '2020-12-29 12:32:09'),
(480, 1, 2, '2020-12-29 12:36:46'),
(481, 1, 1, '2020-12-29 12:36:55'),
(482, 1, 3, '2020-12-29 12:37:00'),
(483, 1, 2, '2020-12-29 12:51:06'),
(484, 1, 1, '2020-12-29 12:51:10'),
(485, 1, 3, '2020-12-29 12:52:21'),
(486, 1, 5, '2020-12-29 12:52:31'),
(487, 1, 3, '2020-12-29 12:52:31'),
(488, 1, 5, '2020-12-29 12:52:36'),
(489, 1, 3, '2020-12-29 12:52:36'),
(490, 1, 2, '2020-12-29 12:52:40'),
(491, 4, 1, '2020-12-29 12:52:44'),
(492, 4, 6, '2020-12-29 12:53:40'),
(493, 4, 2, '2020-12-29 12:54:31'),
(494, 4, 1, '2020-12-29 12:54:40'),
(495, 4, 2, '2020-12-29 12:55:14'),
(496, 1, 1, '2020-12-29 14:04:41'),
(497, 1, 3, '2020-12-29 14:06:20'),
(498, 1, 2, '2020-12-29 14:12:48'),
(499, 4, 1, '2020-12-29 14:12:51'),
(500, 4, 2, '2020-12-29 14:24:22'),
(501, 4, 1, '2020-12-29 14:24:26'),
(502, 4, 6, '2020-12-29 15:16:20'),
(503, 4, 7, '2020-12-29 15:16:21'),
(504, 4, 7, '2020-12-29 15:16:44'),
(505, 4, 7, '2020-12-29 15:17:09'),
(506, 4, 2, '2020-12-29 16:44:36'),
(507, 1, 1, '2020-12-29 16:44:39'),
(508, 1, 2, '2020-12-29 16:44:41'),
(509, 4, 1, '2020-12-29 16:44:44'),
(510, 4, 2, '2020-12-29 16:45:34'),
(511, 1, 1, '2020-12-29 16:45:37'),
(512, 1, 3, '2020-12-29 16:46:38'),
(513, 1, 5, '2020-12-29 16:46:45'),
(514, 1, 3, '2020-12-29 16:46:46'),
(515, 1, 5, '2020-12-29 16:46:47'),
(516, 1, 3, '2020-12-29 16:46:48'),
(517, 1, 3, '2020-12-29 16:46:54'),
(518, 1, 2, '2020-12-29 16:46:55'),
(519, 4, 1, '2020-12-29 16:46:59'),
(520, 4, 1, '2020-12-29 16:47:05'),
(521, 4, 2, '2020-12-29 16:47:08'),
(522, 4, 1, '2020-12-29 16:47:11'),
(523, 4, 2, '2020-12-29 19:54:24'),
(524, 2, 1, '2020-12-29 19:54:27'),
(525, 2, 2, '2020-12-29 20:03:56'),
(526, 4, 1, '2020-12-29 20:04:00'),
(527, 4, 2, '2020-12-29 21:21:18'),
(528, 4, 1, '2020-12-29 21:21:22'),
(529, 4, 6, '2020-12-30 08:50:56'),
(530, 4, 6, '2020-12-30 08:51:04'),
(531, 1, 1, '2020-12-30 11:51:04'),
(532, 1, 3, '2020-12-30 11:51:19'),
(533, 1, 3, '2020-12-30 11:51:29'),
(534, 1, 3, '2020-12-30 12:01:51'),
(535, 1, 2, '2020-12-30 12:01:54'),
(536, 4, 1, '2020-12-30 12:02:03'),
(537, 4, 2, '2020-12-30 12:17:30'),
(538, 1, 1, '2020-12-30 12:17:34'),
(539, 1, 2, '2020-12-30 12:17:51'),
(540, 4, 1, '2020-12-30 12:17:55'),
(541, 4, 2, '2020-12-30 15:17:03'),
(542, 4, 1, '2020-12-30 15:17:08'),
(543, 4, 2, '2020-12-30 15:17:51'),
(544, 4, 1, '2020-12-30 15:17:55'),
(545, 4, 6, '2020-12-30 15:21:15'),
(546, 4, 2, '2020-12-30 15:37:10'),
(547, 4, 1, '2020-12-30 16:37:56'),
(548, 4, 6, '2020-12-30 20:08:32'),
(549, 4, 6, '2020-12-30 20:08:32'),
(550, 4, 2, '2020-12-30 20:08:39'),
(551, 1, 1, '2020-12-30 20:10:10'),
(552, 1, 3, '2020-12-30 20:10:13'),
(553, 1, 3, '2020-12-30 20:14:29'),
(554, 1, 2, '2020-12-30 20:14:43'),
(555, 2, 1, '2020-12-30 20:14:48'),
(556, 2, 2, '2020-12-30 20:15:23'),
(557, 1, 1, '2020-12-30 20:15:26'),
(558, 1, 3, '2020-12-30 20:15:27'),
(559, 1, 3, '2020-12-30 20:29:24'),
(560, 1, 3, '2020-12-30 20:29:52'),
(561, 1, 3, '2020-12-30 20:29:53'),
(562, 1, 3, '2020-12-30 20:30:11'),
(563, 1, 3, '2020-12-30 20:30:21'),
(564, 1, 3, '2020-12-30 20:30:47'),
(565, 1, 3, '2020-12-30 20:30:47'),
(566, 1, 3, '2020-12-30 20:31:13'),
(567, 1, 3, '2020-12-30 20:31:14'),
(568, 1, 3, '2020-12-30 20:31:53'),
(569, 1, 3, '2020-12-30 20:31:53'),
(570, 1, 3, '2020-12-30 20:31:58'),
(571, 1, 3, '2020-12-30 20:33:02'),
(572, 1, 3, '2020-12-30 20:33:02'),
(573, 1, 3, '2020-12-30 20:33:29'),
(574, 1, 3, '2020-12-30 20:34:27'),
(575, 1, 3, '2020-12-30 20:35:21'),
(576, 1, 3, '2020-12-30 20:35:21'),
(577, 1, 3, '2020-12-30 20:35:27'),
(578, 1, 3, '2020-12-30 20:35:27'),
(579, 1, 3, '2020-12-30 20:35:30'),
(580, 1, 3, '2020-12-30 20:35:49'),
(581, 1, 3, '2020-12-30 20:35:50'),
(582, 1, 3, '2020-12-30 20:36:00'),
(583, 1, 3, '2020-12-30 20:36:01'),
(584, 1, 3, '2020-12-30 20:36:04'),
(585, 1, 3, '2020-12-30 20:36:05'),
(586, 1, 3, '2020-12-30 20:36:13'),
(587, 1, 3, '2020-12-30 20:36:17'),
(588, 1, 3, '2020-12-30 20:36:33'),
(589, 1, 3, '2020-12-30 20:36:33'),
(590, 1, 3, '2020-12-30 20:36:57'),
(591, 1, 3, '2020-12-30 20:37:01'),
(592, 1, 3, '2020-12-30 20:37:52'),
(593, 1, 3, '2020-12-30 20:37:56'),
(594, 1, 3, '2020-12-30 20:38:28'),
(595, 1, 3, '2020-12-30 20:38:55'),
(596, 1, 3, '2020-12-30 20:39:11'),
(597, 1, 3, '2020-12-30 20:39:12'),
(598, 1, 3, '2020-12-30 20:39:25'),
(599, 1, 3, '2020-12-30 20:39:37'),
(600, 1, 3, '2020-12-30 20:39:54'),
(601, 1, 3, '2020-12-30 20:39:58'),
(602, 1, 3, '2020-12-30 20:40:15'),
(603, 1, 3, '2020-12-30 20:40:22'),
(604, 1, 3, '2020-12-30 20:40:27'),
(605, 1, 3, '2020-12-30 20:40:32'),
(606, 1, 3, '2020-12-30 20:41:24'),
(607, 1, 3, '2020-12-30 20:42:34'),
(608, 1, 3, '2020-12-30 20:45:34'),
(609, 1, 3, '2020-12-30 20:45:34'),
(610, 1, 3, '2020-12-30 20:45:40'),
(611, 1, 3, '2020-12-30 20:45:41'),
(612, 1, 3, '2020-12-30 20:45:52'),
(613, 1, 3, '2020-12-30 20:47:00'),
(614, 1, 3, '2020-12-30 20:47:10'),
(615, 1, 3, '2020-12-30 20:47:18'),
(616, 1, 3, '2020-12-30 20:48:17'),
(617, 1, 3, '2020-12-30 20:48:20'),
(618, 1, 3, '2020-12-30 20:49:15'),
(619, 1, 3, '2020-12-30 20:49:20'),
(620, 1, 3, '2020-12-30 20:49:28'),
(621, 1, 3, '2020-12-30 20:49:32'),
(622, 1, 3, '2020-12-30 20:49:50'),
(623, 1, 3, '2020-12-30 20:50:21'),
(624, 1, 3, '2020-12-30 20:50:28'),
(625, 1, 3, '2020-12-30 20:50:34'),
(626, 1, 3, '2020-12-30 20:50:52'),
(627, 1, 3, '2020-12-30 20:51:00'),
(628, 1, 3, '2020-12-30 20:51:07'),
(629, 1, 3, '2020-12-30 20:51:21'),
(630, 1, 3, '2020-12-30 20:51:28'),
(631, 1, 3, '2020-12-30 20:51:34'),
(632, 1, 3, '2020-12-30 20:51:46'),
(633, 1, 3, '2020-12-30 20:52:12'),
(634, 1, 3, '2020-12-30 20:52:17'),
(635, 1, 3, '2020-12-30 20:52:21'),
(636, 1, 3, '2020-12-30 20:52:24'),
(637, 1, 3, '2020-12-30 20:52:28'),
(638, 1, 3, '2020-12-30 20:52:32'),
(639, 1, 3, '2020-12-30 20:53:46'),
(640, 1, 3, '2020-12-30 20:54:08'),
(641, 1, 3, '2020-12-30 20:54:16'),
(642, 1, 3, '2020-12-30 20:54:21'),
(643, 1, 3, '2020-12-30 20:54:22'),
(644, 1, 3, '2020-12-30 20:54:35'),
(645, 1, 3, '2020-12-30 20:54:35'),
(646, 1, 3, '2020-12-30 20:54:43'),
(647, 1, 3, '2020-12-30 20:54:53'),
(648, 1, 3, '2020-12-30 20:54:59'),
(649, 1, 3, '2020-12-30 20:55:03'),
(650, 1, 3, '2020-12-30 20:55:06'),
(651, 1, 3, '2020-12-30 20:55:10'),
(652, 1, 3, '2020-12-30 20:55:11'),
(653, 1, 3, '2020-12-30 20:55:14'),
(654, 1, 3, '2020-12-30 20:55:26'),
(655, 1, 3, '2020-12-30 20:55:51'),
(656, 1, 3, '2020-12-30 20:55:59'),
(657, 1, 3, '2020-12-30 20:56:10'),
(658, 1, 3, '2020-12-30 20:56:26'),
(659, 1, 3, '2020-12-30 20:56:32'),
(660, 1, 3, '2020-12-30 20:56:36'),
(661, 1, 3, '2020-12-30 20:56:55'),
(662, 1, 3, '2020-12-30 20:56:56'),
(663, 1, 3, '2020-12-30 20:56:56'),
(664, 1, 3, '2020-12-30 20:57:05'),
(665, 1, 3, '2020-12-30 20:57:09'),
(666, 1, 3, '2020-12-30 20:57:09'),
(667, 1, 3, '2020-12-30 20:57:10'),
(668, 1, 3, '2020-12-30 20:57:17'),
(669, 1, 3, '2020-12-30 20:57:18'),
(670, 1, 3, '2020-12-30 20:57:18'),
(671, 1, 3, '2020-12-30 20:57:24'),
(672, 1, 3, '2020-12-30 20:57:28'),
(673, 1, 3, '2020-12-30 20:57:39'),
(674, 1, 3, '2020-12-30 20:58:25'),
(675, 1, 3, '2020-12-30 20:59:07'),
(676, 1, 3, '2020-12-30 20:59:26'),
(677, 1, 3, '2020-12-30 20:59:26'),
(678, 1, 3, '2020-12-30 20:59:27'),
(679, 1, 3, '2020-12-30 20:59:48'),
(680, 1, 3, '2020-12-30 20:59:49'),
(681, 1, 3, '2020-12-30 20:59:53'),
(682, 1, 3, '2020-12-30 21:00:02'),
(683, 1, 3, '2020-12-30 21:00:04'),
(684, 1, 3, '2020-12-30 21:00:17'),
(685, 1, 3, '2020-12-30 21:00:29'),
(686, 1, 3, '2020-12-30 21:00:29'),
(687, 1, 3, '2020-12-30 21:00:30'),
(688, 1, 3, '2020-12-30 21:00:46'),
(689, 1, 3, '2020-12-30 21:01:01'),
(690, 1, 3, '2020-12-30 21:01:02'),
(691, 1, 3, '2020-12-30 21:01:02'),
(692, 1, 3, '2020-12-30 21:01:05'),
(693, 1, 3, '2020-12-30 21:01:05'),
(694, 1, 3, '2020-12-30 21:01:13'),
(695, 1, 3, '2020-12-30 21:01:16'),
(696, 1, 3, '2020-12-30 21:01:35'),
(697, 1, 3, '2020-12-30 21:01:35'),
(698, 1, 3, '2020-12-30 21:01:36'),
(699, 1, 3, '2020-12-30 21:01:36'),
(700, 1, 3, '2020-12-30 21:01:41'),
(701, 1, 3, '2020-12-30 21:02:24'),
(702, 1, 3, '2020-12-30 21:02:24'),
(703, 1, 3, '2020-12-30 21:02:40'),
(704, 1, 3, '2020-12-30 21:02:40'),
(705, 1, 3, '2020-12-30 21:02:52'),
(706, 1, 3, '2020-12-30 21:02:53'),
(707, 1, 3, '2020-12-30 21:02:56'),
(708, 1, 3, '2020-12-30 21:03:03'),
(709, 1, 3, '2020-12-30 21:03:08'),
(710, 1, 3, '2020-12-30 21:03:14'),
(711, 1, 3, '2020-12-30 21:03:34'),
(712, 1, 3, '2020-12-30 21:03:41'),
(713, 1, 3, '2020-12-30 21:03:45'),
(714, 1, 3, '2020-12-30 21:03:46'),
(715, 1, 3, '2020-12-30 21:03:50'),
(716, 1, 3, '2020-12-30 21:04:24'),
(717, 1, 3, '2020-12-30 21:04:36'),
(718, 1, 3, '2020-12-30 21:04:39'),
(719, 1, 3, '2020-12-30 21:04:39'),
(720, 1, 3, '2020-12-30 21:04:47'),
(721, 1, 3, '2020-12-30 21:04:59'),
(722, 1, 3, '2020-12-30 21:05:05'),
(723, 1, 3, '2020-12-30 21:05:20'),
(724, 1, 3, '2020-12-30 21:05:20'),
(725, 1, 3, '2020-12-30 21:05:25'),
(726, 1, 3, '2020-12-30 21:05:26'),
(727, 1, 3, '2020-12-30 21:05:32'),
(728, 1, 3, '2020-12-30 21:05:40'),
(729, 1, 3, '2020-12-30 21:06:12'),
(730, 1, 3, '2020-12-30 21:06:19'),
(731, 1, 3, '2020-12-30 21:06:22'),
(732, 1, 3, '2020-12-30 21:06:49'),
(733, 1, 3, '2020-12-30 21:07:27'),
(734, 1, 3, '2020-12-30 21:07:28'),
(735, 1, 3, '2020-12-30 21:07:28'),
(736, 1, 3, '2020-12-30 21:07:28'),
(737, 1, 3, '2020-12-30 21:07:49'),
(738, 1, 3, '2020-12-30 21:08:05'),
(739, 1, 3, '2020-12-30 21:08:20'),
(740, 1, 3, '2020-12-30 21:08:58'),
(741, 1, 3, '2020-12-30 21:09:13'),
(742, 1, 3, '2020-12-30 21:09:18'),
(743, 1, 3, '2020-12-30 21:09:51'),
(744, 1, 3, '2020-12-30 21:11:12'),
(745, 1, 3, '2020-12-30 21:11:17'),
(746, 1, 3, '2020-12-30 21:11:20'),
(747, 1, 3, '2020-12-30 21:11:30'),
(748, 1, 3, '2020-12-30 21:12:34'),
(749, 1, 2, '2020-12-30 21:12:38'),
(750, 2, 1, '2020-12-30 21:12:43'),
(751, 2, 2, '2020-12-30 21:14:10'),
(752, 3, 1, '2020-12-30 21:14:14'),
(753, 3, 2, '2020-12-30 21:19:45'),
(754, 4, 1, '2020-12-30 21:19:47'),
(755, 4, 2, '2020-12-30 21:26:13'),
(756, 1, 1, '2020-12-30 21:26:18'),
(757, 1, 2, '2020-12-30 21:27:01'),
(758, 2, 1, '2020-12-30 21:27:06'),
(759, 2, 2, '2020-12-30 21:30:14'),
(760, 3, 1, '2020-12-30 21:30:18'),
(761, 3, 2, '2020-12-30 21:30:40'),
(762, 4, 1, '2020-12-30 21:30:43'),
(763, 4, 2, '2020-12-30 21:44:08'),
(764, 4, 1, '2020-12-30 21:49:53'),
(765, 4, 2, '2020-12-30 21:55:17'),
(766, 1, 1, '2021-01-02 15:55:32'),
(767, 1, 3, '2021-01-02 15:55:34'),
(768, 1, 3, '2021-01-02 15:55:38'),
(769, 1, 2, '2021-01-02 15:55:41'),
(770, 4, 1, '2021-01-02 15:55:45'),
(771, 4, 3, '2021-01-02 15:55:57'),
(772, 4, 3, '2021-01-02 15:56:00'),
(773, 4, 2, '2021-01-02 15:56:03'),
(774, 4, 1, '2021-01-02 15:56:19'),
(775, 4, 6, '2021-01-02 15:56:29'),
(776, 4, 2, '2021-01-02 15:56:32'),
(777, 1, 1, '2021-01-02 15:56:35'),
(778, 1, 3, '2021-01-02 15:56:36'),
(779, 1, 3, '2021-01-02 15:57:37'),
(780, 1, 2, '2021-01-02 15:57:41'),
(781, 4, 1, '2021-01-02 16:14:42'),
(782, 4, 2, '2021-01-02 18:50:27'),
(783, 1, 1, '2021-01-02 18:50:34'),
(784, 1, 3, '2021-01-02 18:50:36'),
(785, 1, 3, '2021-01-02 18:50:41'),
(786, 1, 3, '2021-01-02 18:50:48'),
(787, 1, 3, '2021-01-02 18:51:58'),
(788, 1, 3, '2021-01-02 18:52:24'),
(789, 1, 2, '2021-01-02 18:52:31'),
(790, 4, 1, '2021-01-02 18:52:38'),
(791, 4, 6, '2021-01-02 18:52:40'),
(792, 4, 6, '2021-01-02 18:55:03'),
(793, 4, 6, '2021-01-02 18:55:11'),
(794, 4, 7, '2021-01-02 18:55:52'),
(795, 4, 6, '2021-01-02 18:55:59'),
(796, 4, 6, '2021-01-02 18:57:03'),
(797, 4, 6, '2021-01-02 18:57:13'),
(798, 4, 6, '2021-01-02 18:57:13'),
(799, 4, 6, '2021-01-02 18:57:14'),
(800, 4, 6, '2021-01-02 18:57:22'),
(801, 4, 6, '2021-01-02 18:57:22'),
(802, 4, 6, '2021-01-02 18:57:31'),
(803, 4, 6, '2021-01-02 18:57:50'),
(804, 4, 6, '2021-01-02 18:57:50'),
(805, 4, 6, '2021-01-02 18:57:50'),
(806, 4, 6, '2021-01-02 18:57:51'),
(807, 4, 6, '2021-01-02 18:57:57'),
(808, 4, 6, '2021-01-02 18:57:58'),
(809, 4, 6, '2021-01-02 18:57:58'),
(810, 4, 6, '2021-01-02 18:57:58'),
(811, 4, 6, '2021-01-02 18:57:58'),
(812, 4, 6, '2021-01-02 18:58:01'),
(813, 4, 6, '2021-01-02 18:58:01'),
(814, 4, 6, '2021-01-02 18:58:10'),
(815, 4, 6, '2021-01-02 18:58:12'),
(816, 4, 6, '2021-01-02 18:58:44'),
(817, 4, 6, '2021-01-02 18:58:44'),
(818, 4, 6, '2021-01-02 18:58:45'),
(819, 4, 6, '2021-01-02 18:58:45'),
(820, 4, 6, '2021-01-02 18:59:05'),
(821, 4, 6, '2021-01-02 18:59:05'),
(822, 4, 6, '2021-01-02 18:59:08'),
(823, 4, 6, '2021-01-02 18:59:13'),
(824, 4, 7, '2021-01-02 18:59:39'),
(825, 4, 6, '2021-01-02 18:59:42'),
(826, 4, 6, '2021-01-02 18:59:53'),
(827, 4, 6, '2021-01-02 19:00:03'),
(828, 4, 6, '2021-01-02 19:00:29'),
(829, 4, 6, '2021-01-02 19:00:36'),
(830, 4, 6, '2021-01-02 19:01:46'),
(831, 4, 6, '2021-01-02 19:02:01'),
(832, 4, 6, '2021-01-02 19:02:24'),
(833, 4, 6, '2021-01-02 19:02:41'),
(834, 4, 7, '2021-01-02 19:02:43'),
(835, 4, 6, '2021-01-02 19:02:46'),
(836, 4, 6, '2021-01-02 19:02:56'),
(837, 4, 7, '2021-01-02 19:03:02'),
(838, 4, 6, '2021-01-02 19:03:08'),
(839, 4, 2, '2021-01-02 19:03:23'),
(840, 1, 1, '2021-01-02 19:03:34'),
(841, 1, 3, '2021-01-02 19:03:34'),
(842, 1, 3, '2021-01-02 19:03:45'),
(843, 1, 2, '2021-01-02 19:03:47'),
(844, 4, 1, '2021-01-02 19:03:51'),
(845, 4, 6, '2021-01-02 19:03:53'),
(846, 4, 7, '2021-01-02 19:04:00'),
(847, 4, 6, '2021-01-02 19:04:21'),
(848, 4, 6, '2021-01-02 19:04:40'),
(849, 4, 6, '2021-01-02 19:04:47'),
(850, 4, 6, '2021-01-02 19:04:58'),
(851, 4, 6, '2021-01-02 19:05:15'),
(852, 4, 6, '2021-01-02 19:05:25'),
(853, 4, 6, '2021-01-02 19:05:40'),
(854, 4, 6, '2021-01-02 19:05:43'),
(855, 4, 6, '2021-01-02 19:06:19'),
(856, 4, 6, '2021-01-02 19:06:20'),
(857, 4, 6, '2021-01-02 19:06:43'),
(858, 4, 6, '2021-01-02 19:06:51'),
(859, 4, 6, '2021-01-02 19:06:51'),
(860, 4, 6, '2021-01-02 19:07:04'),
(861, 4, 6, '2021-01-02 19:07:10'),
(862, 4, 6, '2021-01-02 19:07:10'),
(863, 4, 6, '2021-01-02 19:07:17'),
(864, 4, 6, '2021-01-02 19:07:17'),
(865, 4, 6, '2021-01-02 19:07:20'),
(866, 4, 6, '2021-01-02 19:07:21'),
(867, 4, 6, '2021-01-02 19:07:21'),
(868, 4, 6, '2021-01-02 19:07:21'),
(869, 4, 6, '2021-01-02 19:07:27'),
(870, 4, 6, '2021-01-02 19:07:31'),
(871, 4, 6, '2021-01-02 19:07:35'),
(872, 4, 6, '2021-01-02 19:07:46'),
(873, 4, 6, '2021-01-02 19:08:05'),
(874, 4, 6, '2021-01-02 19:08:25'),
(875, 4, 6, '2021-01-02 19:08:32'),
(876, 4, 6, '2021-01-02 19:09:03'),
(877, 4, 6, '2021-01-02 19:09:04'),
(878, 4, 6, '2021-01-02 19:09:10'),
(879, 4, 7, '2021-01-02 19:10:37'),
(880, 4, 7, '2021-01-02 19:11:24'),
(881, 4, 7, '2021-01-02 19:11:35'),
(882, 4, 7, '2021-01-02 19:11:39'),
(883, 4, 7, '2021-01-02 19:11:51'),
(884, 4, 7, '2021-01-02 19:11:58'),
(885, 4, 7, '2021-01-02 19:12:08'),
(886, 4, 7, '2021-01-02 19:12:39'),
(887, 4, 7, '2021-01-02 19:12:45'),
(888, 4, 7, '2021-01-02 19:13:19'),
(889, 4, 7, '2021-01-02 19:13:23'),
(890, 4, 7, '2021-01-02 19:14:33'),
(891, 4, 7, '2021-01-02 19:14:34'),
(892, 4, 7, '2021-01-02 19:16:38'),
(893, 4, 7, '2021-01-02 19:16:39'),
(894, 4, 7, '2021-01-02 19:16:39'),
(895, 4, 7, '2021-01-02 19:16:46'),
(896, 4, 7, '2021-01-02 19:17:03'),
(897, 4, 7, '2021-01-02 19:17:04'),
(898, 4, 7, '2021-01-02 19:17:04'),
(899, 4, 7, '2021-01-02 19:17:08'),
(900, 4, 7, '2021-01-02 19:17:09'),
(901, 4, 7, '2021-01-02 19:17:09'),
(902, 4, 7, '2021-01-02 19:17:20'),
(903, 4, 7, '2021-01-02 19:17:20'),
(904, 4, 7, '2021-01-02 19:17:40'),
(905, 4, 7, '2021-01-02 19:17:41'),
(906, 4, 7, '2021-01-02 19:17:41'),
(907, 4, 7, '2021-01-02 19:17:41'),
(908, 4, 7, '2021-01-02 19:18:17'),
(909, 4, 7, '2021-01-02 19:20:01'),
(910, 4, 7, '2021-01-02 19:20:13'),
(911, 4, 7, '2021-01-02 19:20:27'),
(912, 4, 7, '2021-01-02 19:20:35'),
(913, 4, 7, '2021-01-02 19:20:35'),
(914, 4, 7, '2021-01-02 19:20:42'),
(915, 4, 7, '2021-01-02 19:20:51'),
(916, 4, 7, '2021-01-02 19:21:03'),
(917, 4, 7, '2021-01-02 19:21:04'),
(918, 4, 7, '2021-01-02 19:21:13'),
(919, 4, 7, '2021-01-02 19:21:27'),
(920, 4, 7, '2021-01-02 19:21:28'),
(921, 4, 7, '2021-01-02 19:21:30'),
(922, 4, 7, '2021-01-02 19:21:41'),
(923, 4, 7, '2021-01-02 19:21:44'),
(924, 4, 7, '2021-01-02 19:21:55'),
(925, 4, 7, '2021-01-02 19:22:04'),
(926, 4, 7, '2021-01-02 19:22:05'),
(927, 4, 7, '2021-01-02 19:22:13'),
(928, 4, 7, '2021-01-02 19:22:13'),
(929, 4, 7, '2021-01-02 19:22:20'),
(930, 4, 7, '2021-01-02 19:22:35'),
(931, 4, 7, '2021-01-02 19:22:41'),
(932, 4, 7, '2021-01-02 19:22:44'),
(933, 4, 7, '2021-01-02 19:22:52'),
(934, 4, 7, '2021-01-02 19:23:08'),
(935, 4, 7, '2021-01-02 19:23:13'),
(936, 4, 7, '2021-01-02 19:23:26'),
(937, 4, 7, '2021-01-02 19:23:26'),
(938, 4, 7, '2021-01-02 19:23:34'),
(939, 4, 7, '2021-01-02 19:24:00'),
(940, 4, 7, '2021-01-02 19:24:07'),
(941, 4, 7, '2021-01-02 19:24:08'),
(942, 4, 7, '2021-01-02 19:24:08'),
(943, 4, 7, '2021-01-02 19:24:08'),
(944, 4, 7, '2021-01-02 19:24:09'),
(945, 4, 7, '2021-01-02 19:24:10'),
(946, 4, 7, '2021-01-02 19:24:20'),
(947, 4, 7, '2021-01-02 19:24:28'),
(948, 4, 7, '2021-01-02 19:24:43'),
(949, 4, 7, '2021-01-02 19:24:43'),
(950, 4, 7, '2021-01-02 19:24:43'),
(951, 4, 7, '2021-01-02 19:24:53'),
(952, 4, 7, '2021-01-02 19:24:53'),
(953, 4, 7, '2021-01-02 19:24:53'),
(954, 4, 7, '2021-01-02 19:24:57'),
(955, 4, 7, '2021-01-02 19:25:10'),
(956, 4, 7, '2021-01-02 19:25:10'),
(957, 4, 7, '2021-01-02 19:25:38'),
(958, 4, 7, '2021-01-02 19:26:00'),
(959, 4, 7, '2021-01-02 19:26:14'),
(960, 4, 7, '2021-01-02 19:26:17'),
(961, 4, 7, '2021-01-02 19:26:22'),
(962, 4, 7, '2021-01-02 19:26:32'),
(963, 4, 7, '2021-01-02 19:26:33'),
(964, 4, 7, '2021-01-02 19:26:48'),
(965, 4, 7, '2021-01-02 19:26:49'),
(966, 4, 7, '2021-01-02 19:27:05'),
(967, 4, 7, '2021-01-02 19:27:05'),
(968, 4, 7, '2021-01-02 19:27:08'),
(969, 4, 7, '2021-01-02 19:27:14'),
(970, 4, 7, '2021-01-02 19:27:22'),
(971, 4, 7, '2021-01-02 19:27:22'),
(972, 4, 7, '2021-01-02 19:27:36'),
(973, 4, 7, '2021-01-02 19:27:37'),
(974, 4, 7, '2021-01-02 19:27:37'),
(975, 4, 7, '2021-01-02 19:27:43'),
(976, 4, 7, '2021-01-02 19:27:44'),
(977, 4, 7, '2021-01-02 19:27:49'),
(978, 4, 7, '2021-01-02 19:28:05'),
(979, 4, 7, '2021-01-02 19:28:05'),
(980, 4, 7, '2021-01-02 19:28:08'),
(981, 4, 7, '2021-01-02 19:28:32'),
(982, 4, 7, '2021-01-02 19:28:35'),
(983, 4, 7, '2021-01-02 19:29:04'),
(984, 4, 7, '2021-01-02 19:29:29'),
(985, 4, 7, '2021-01-02 19:29:30'),
(986, 4, 7, '2021-01-02 19:29:32'),
(987, 4, 7, '2021-01-02 19:29:33'),
(988, 4, 7, '2021-01-02 19:29:52'),
(989, 4, 7, '2021-01-02 19:30:18'),
(990, 4, 7, '2021-01-02 19:30:24'),
(991, 4, 7, '2021-01-02 19:30:35'),
(992, 4, 7, '2021-01-02 19:30:36'),
(993, 4, 7, '2021-01-02 19:30:44'),
(994, 4, 7, '2021-01-02 19:30:49'),
(995, 4, 7, '2021-01-02 19:30:56'),
(996, 4, 7, '2021-01-02 19:31:04'),
(997, 4, 7, '2021-01-02 19:31:35'),
(998, 4, 7, '2021-01-02 19:31:36'),
(999, 4, 7, '2021-01-02 19:31:37'),
(1000, 4, 7, '2021-01-02 19:31:47'),
(1001, 4, 7, '2021-01-02 19:31:52'),
(1002, 4, 7, '2021-01-02 19:33:52'),
(1003, 4, 7, '2021-01-02 19:36:26'),
(1004, 4, 7, '2021-01-02 19:36:38'),
(1005, 4, 7, '2021-01-02 19:36:46'),
(1006, 4, 7, '2021-01-02 19:36:53'),
(1007, 4, 7, '2021-01-02 19:37:07'),
(1008, 4, 7, '2021-01-02 19:37:07'),
(1009, 4, 7, '2021-01-02 19:37:17'),
(1010, 4, 7, '2021-01-02 19:37:28'),
(1011, 4, 7, '2021-01-02 19:37:38'),
(1012, 4, 7, '2021-01-02 19:37:48'),
(1013, 4, 7, '2021-01-02 19:37:49'),
(1014, 4, 7, '2021-01-02 19:38:05'),
(1015, 4, 7, '2021-01-02 19:38:19'),
(1016, 4, 7, '2021-01-02 19:38:32'),
(1017, 4, 7, '2021-01-02 19:38:39'),
(1018, 4, 7, '2021-01-02 19:38:48'),
(1019, 4, 7, '2021-01-02 19:39:00'),
(1020, 4, 7, '2021-01-02 19:39:13'),
(1021, 4, 7, '2021-01-02 19:39:25'),
(1022, 4, 7, '2021-01-02 19:39:41'),
(1023, 4, 7, '2021-01-02 19:39:57'),
(1024, 4, 7, '2021-01-02 19:40:09'),
(1025, 4, 7, '2021-01-02 19:40:17'),
(1026, 4, 7, '2021-01-02 19:40:28'),
(1027, 4, 7, '2021-01-02 19:40:41'),
(1028, 4, 7, '2021-01-02 19:40:55'),
(1029, 4, 7, '2021-01-02 19:41:09'),
(1030, 4, 7, '2021-01-02 19:41:15'),
(1031, 4, 7, '2021-01-02 19:41:28'),
(1032, 4, 7, '2021-01-02 19:41:29'),
(1033, 4, 7, '2021-01-02 19:41:31'),
(1034, 4, 7, '2021-01-02 19:41:35'),
(1035, 4, 7, '2021-01-02 19:41:39'),
(1036, 4, 7, '2021-01-02 19:41:42'),
(1037, 4, 7, '2021-01-02 19:41:47'),
(1038, 4, 7, '2021-01-02 19:41:54'),
(1039, 4, 7, '2021-01-02 19:42:01'),
(1040, 4, 7, '2021-01-02 19:42:02'),
(1041, 4, 7, '2021-01-02 19:42:04'),
(1042, 4, 7, '2021-01-02 19:42:12'),
(1043, 4, 7, '2021-01-02 19:42:16'),
(1044, 4, 7, '2021-01-02 19:42:20'),
(1045, 4, 7, '2021-01-02 19:42:26'),
(1046, 4, 7, '2021-01-02 19:42:31'),
(1047, 4, 7, '2021-01-02 19:42:36'),
(1048, 4, 7, '2021-01-02 19:42:51'),
(1049, 4, 7, '2021-01-02 19:43:01'),
(1050, 4, 7, '2021-01-02 19:43:20'),
(1051, 4, 7, '2021-01-02 19:43:27'),
(1052, 4, 7, '2021-01-02 19:43:29'),
(1053, 4, 7, '2021-01-02 19:43:29'),
(1054, 4, 7, '2021-01-02 19:44:03'),
(1055, 4, 7, '2021-01-02 19:44:45'),
(1056, 4, 7, '2021-01-02 19:45:03'),
(1057, 4, 7, '2021-01-02 19:45:19'),
(1058, 4, 7, '2021-01-02 19:45:23'),
(1059, 4, 7, '2021-01-02 19:45:31'),
(1060, 4, 7, '2021-01-02 19:45:48'),
(1061, 4, 7, '2021-01-02 19:45:52'),
(1062, 4, 7, '2021-01-02 19:46:01'),
(1063, 4, 7, '2021-01-02 19:46:31'),
(1064, 4, 7, '2021-01-02 19:46:36'),
(1065, 4, 7, '2021-01-02 19:46:44'),
(1066, 4, 7, '2021-01-02 19:46:49'),
(1067, 4, 7, '2021-01-02 19:46:50'),
(1068, 4, 7, '2021-01-02 19:47:38'),
(1069, 4, 7, '2021-01-02 19:47:43'),
(1070, 4, 7, '2021-01-02 19:47:52'),
(1071, 4, 7, '2021-01-02 19:48:54'),
(1072, 4, 7, '2021-01-02 19:49:06'),
(1073, 4, 7, '2021-01-02 19:49:18'),
(1074, 4, 7, '2021-01-02 19:49:31'),
(1075, 4, 7, '2021-01-02 19:49:38'),
(1076, 4, 7, '2021-01-02 19:49:54'),
(1077, 4, 7, '2021-01-02 19:50:28'),
(1078, 4, 7, '2021-01-02 19:50:40'),
(1079, 4, 7, '2021-01-02 19:50:44'),
(1080, 4, 7, '2021-01-02 19:52:18'),
(1081, 4, 7, '2021-01-02 19:52:33'),
(1082, 4, 7, '2021-01-02 19:52:41'),
(1083, 4, 7, '2021-01-02 19:53:04'),
(1084, 4, 7, '2021-01-02 19:53:54'),
(1085, 4, 7, '2021-01-02 19:54:06'),
(1086, 4, 7, '2021-01-02 19:54:19'),
(1087, 4, 7, '2021-01-02 19:54:32'),
(1088, 4, 7, '2021-01-02 19:54:39'),
(1089, 4, 7, '2021-01-02 19:54:52'),
(1090, 4, 7, '2021-01-02 19:55:02'),
(1091, 4, 7, '2021-01-02 19:55:11'),
(1092, 4, 7, '2021-01-02 19:55:14'),
(1093, 4, 7, '2021-01-02 19:55:15'),
(1094, 4, 7, '2021-01-02 19:55:16'),
(1095, 4, 7, '2021-01-02 19:55:17'),
(1096, 4, 7, '2021-01-02 19:55:21'),
(1097, 4, 7, '2021-01-02 19:55:36'),
(1098, 4, 7, '2021-01-02 19:55:42'),
(1099, 4, 7, '2021-01-02 19:55:52'),
(1100, 4, 7, '2021-01-02 19:55:53'),
(1101, 4, 7, '2021-01-02 19:55:54'),
(1102, 4, 7, '2021-01-02 19:55:58'),
(1103, 4, 7, '2021-01-02 19:56:06'),
(1104, 4, 7, '2021-01-02 19:56:07'),
(1105, 4, 7, '2021-01-02 19:56:15'),
(1106, 4, 7, '2021-01-02 19:56:38'),
(1107, 4, 7, '2021-01-02 19:56:43'),
(1108, 4, 7, '2021-01-02 19:57:12'),
(1109, 4, 7, '2021-01-02 19:57:35'),
(1110, 4, 7, '2021-01-02 19:57:39'),
(1111, 4, 7, '2021-01-02 19:57:51'),
(1112, 4, 7, '2021-01-02 19:58:33'),
(1113, 4, 7, '2021-01-02 19:59:12'),
(1114, 4, 7, '2021-01-02 19:59:17'),
(1115, 4, 7, '2021-01-02 19:59:21'),
(1116, 4, 7, '2021-01-02 19:59:28'),
(1117, 4, 7, '2021-01-02 19:59:48'),
(1118, 4, 7, '2021-01-02 20:00:02'),
(1119, 4, 7, '2021-01-02 20:00:08'),
(1120, 4, 7, '2021-01-02 20:00:57'),
(1121, 4, 7, '2021-01-02 20:01:06'),
(1122, 4, 7, '2021-01-02 20:01:06'),
(1123, 4, 6, '2021-01-02 20:02:12'),
(1124, 4, 7, '2021-01-02 20:02:16'),
(1125, 4, 6, '2021-01-02 20:04:35'),
(1126, 4, 7, '2021-01-02 20:04:37'),
(1127, 4, 6, '2021-01-02 20:04:40'),
(1128, 4, 7, '2021-01-02 20:04:41'),
(1129, 4, 6, '2021-01-02 20:11:05'),
(1130, 4, 6, '2021-01-02 20:12:17'),
(1131, 4, 7, '2021-01-02 20:12:18'),
(1132, 4, 6, '2021-01-02 20:13:14'),
(1133, 4, 6, '2021-01-02 20:13:18'),
(1134, 4, 6, '2021-01-02 20:22:49'),
(1135, 4, 6, '2021-01-02 20:24:34'),
(1136, 4, 2, '2021-01-02 20:24:37'),
(1137, 1, 1, '2021-01-02 20:24:40'),
(1138, 1, 3, '2021-01-02 20:24:42'),
(1139, 1, 3, '2021-01-02 20:25:27'),
(1140, 1, 3, '2021-01-02 21:51:42'),
(1141, 1, 3, '2021-01-02 22:24:28'),
(1142, 1, 3, '2021-01-02 22:24:33'),
(1143, 1, 3, '2021-01-02 22:24:53'),
(1144, 1, 3, '2021-01-02 22:30:53'),
(1145, 1, 3, '2021-01-02 22:31:35'),
(1146, 1, 3, '2021-01-02 22:46:34'),
(1147, 1, 3, '2021-01-02 22:51:31'),
(1148, 1, 2, '2021-01-02 22:51:54'),
(1149, 4, 1, '2021-01-02 22:51:57'),
(1150, 4, 6, '2021-01-02 22:51:58'),
(1151, 4, 6, '2021-01-02 22:52:12'),
(1152, 4, 6, '2021-01-02 22:52:42'),
(1153, 4, 6, '2021-01-02 22:52:43'),
(1154, 4, 6, '2021-01-02 22:52:43'),
(1155, 4, 6, '2021-01-02 22:52:43'),
(1156, 4, 6, '2021-01-02 22:52:44'),
(1157, 4, 6, '2021-01-02 22:52:44'),
(1158, 4, 2, '2021-01-02 22:52:49'),
(1159, 1, 1, '2021-01-02 22:52:53'),
(1160, 1, 3, '2021-01-02 23:01:34'),
(1161, 1, 3, '2021-01-02 23:29:52'),
(1162, 1, 2, '2021-01-02 23:30:05'),
(1163, 4, 1, '2021-01-02 23:30:10'),
(1164, 4, 6, '2021-01-02 23:30:21'),
(1165, 4, 7, '2021-01-02 23:30:23'),
(1166, 4, 6, '2021-01-03 08:10:35'),
(1167, 4, 2, '2021-01-03 09:03:17'),
(1168, 2, 1, '2021-01-03 09:03:21'),
(1169, 2, 2, '2021-01-03 09:03:29'),
(1170, 1, 1, '2021-01-03 09:03:39'),
(1171, 1, 3, '2021-01-03 09:03:42'),
(1172, 1, 3, '2021-01-03 09:03:48'),
(1173, 1, 2, '2021-01-03 09:03:50'),
(1174, 4, 1, '2021-01-03 09:03:54'),
(1175, 4, 6, '2021-01-03 09:03:56'),
(1176, 4, 7, '2021-01-03 09:03:57'),
(1177, 4, 2, '2021-01-03 10:16:18'),
(1178, 1, 1, '2021-01-03 10:16:22'),
(1179, 1, 3, '2021-01-03 10:18:13'),
(1180, 1, 3, '2021-01-03 10:18:34'),
(1181, 1, 2, '2021-01-03 10:19:49'),
(1182, 4, 1, '2021-01-03 10:19:54'),
(1183, 4, 6, '2021-01-03 10:20:55'),
(1184, 4, 7, '2021-01-03 10:20:57'),
(1185, 4, 6, '2021-01-03 10:21:01'),
(1186, 4, 2, '2021-01-03 10:24:21'),
(1187, 1, 1, '2021-01-03 10:24:29'),
(1188, 1, 2, '2021-01-03 10:28:49'),
(1189, 4, 1, '2021-01-03 10:28:57'),
(1190, 4, 6, '2021-01-03 10:40:32'),
(1191, 4, 6, '2021-01-03 10:40:33'),
(1192, 4, 7, '2021-01-03 10:40:35'),
(1193, 4, 6, '2021-01-03 10:40:37'),
(1194, 4, 7, '2021-01-03 10:40:42'),
(1195, 4, 2, '2021-01-03 16:14:16'),
(1196, 1, 1, '2021-01-03 16:14:20'),
(1197, 1, 3, '2021-01-03 16:15:07'),
(1198, 1, 3, '2021-01-03 16:29:46'),
(1199, 1, 3, '2021-01-03 16:30:50'),
(1200, 1, 4, '2021-01-03 16:31:14'),
(1201, 1, 3, '2021-01-03 16:31:15'),
(1202, 1, 3, '2021-01-03 16:32:21'),
(1203, 1, 2, '2021-01-03 16:32:26'),
(1204, 4, 1, '2021-01-03 16:32:29'),
(1205, 4, 6, '2021-01-03 16:32:35'),
(1206, 4, 7, '2021-01-03 16:32:36'),
(1207, 4, 8, '2021-01-03 16:32:38'),
(1208, 4, 6, '2021-01-03 16:32:39'),
(1209, 4, 2, '2021-01-03 16:32:44'),
(1210, 1, 1, '2021-01-03 16:32:47'),
(1211, 1, 3, '2021-01-03 16:32:48'),
(1212, 1, 9, '2021-01-03 16:32:51'),
(1213, 1, 2, '2021-01-03 16:43:37'),
(1214, 4, 1, '2021-01-03 16:43:42'),
(1215, 4, 2, '2021-01-03 16:46:36'),
(1216, 1, 1, '2021-01-03 16:46:39'),
(1217, 1, 3, '2021-01-03 16:46:42'),
(1218, 1, 3, '2021-01-03 17:10:19'),
(1219, 1, 3, '2021-01-03 17:10:23'),
(1220, 1, 2, '2021-01-03 17:11:28'),
(1221, 4, 1, '2021-01-03 17:11:35'),
(1222, 4, 6, '2021-01-03 17:11:38'),
(1223, 4, 10, '2021-01-03 17:11:42'),
(1224, 4, 6, '2021-01-03 17:11:42'),
(1225, 4, 2, '2021-01-03 17:11:44'),
(1226, 1, 1, '2021-01-03 17:11:49'),
(1227, 1, 3, '2021-01-03 17:11:53'),
(1228, 1, 2, '2021-01-03 17:11:56'),
(1229, 1, 1, '2021-01-03 17:13:14'),
(1230, 1, 3, '2021-01-03 17:13:17'),
(1231, 1, 4, '2021-01-03 17:13:41'),
(1232, 1, 3, '2021-01-03 17:13:43'),
(1233, 1, 2, '2021-01-03 17:15:22'),
(1234, 4, 1, '2021-01-03 17:15:26'),
(1235, 4, 6, '2021-01-03 17:15:28'),
(1236, 4, 10, '2021-01-03 17:15:30'),
(1237, 4, 6, '2021-01-03 17:15:30'),
(1238, 4, 2, '2021-01-03 17:15:32'),
(1239, 1, 1, '2021-01-03 17:15:37'),
(1240, 1, 3, '2021-01-03 17:15:54'),
(1241, 1, 4, '2021-01-03 17:16:11'),
(1242, 1, 3, '2021-01-03 17:16:13'),
(1243, 1, 2, '2021-01-03 17:20:18'),
(1244, 4, 1, '2021-01-03 17:20:21'),
(1245, 4, 6, '2021-01-03 17:20:23'),
(1246, 4, 10, '2021-01-03 17:20:24'),
(1247, 4, 6, '2021-01-03 17:20:25'),
(1248, 4, 2, '2021-01-03 17:20:26'),
(1249, 1, 1, '2021-01-03 17:20:29'),
(1250, 1, 3, '2021-01-03 17:20:37'),
(1251, 1, 4, '2021-01-03 17:22:00'),
(1252, 1, 3, '2021-01-03 17:22:01'),
(1253, 1, 2, '2021-01-03 17:23:12'),
(1254, 4, 1, '2021-01-03 17:23:16'),
(1255, 4, 6, '2021-01-03 17:23:19'),
(1256, 4, 7, '2021-01-03 17:23:39'),
(1257, 4, 8, '2021-01-03 17:23:52'),
(1258, 4, 6, '2021-01-03 17:23:52'),
(1259, 4, 2, '2021-01-03 17:23:55'),
(1260, 1, 1, '2021-01-03 17:23:59'),
(1261, 1, 3, '2021-01-03 17:24:00'),
(1262, 1, 9, '2021-01-03 17:24:07'),
(1263, 1, 2, '2021-01-03 17:25:09'),
(1264, 4, 1, '2021-01-03 17:25:13'),
(1265, 4, 6, '2021-01-03 17:25:15'),
(1266, 4, 8, '2021-01-03 17:25:38'),
(1267, 4, 6, '2021-01-03 17:25:38'),
(1268, 4, 2, '2021-01-03 17:25:42'),
(1269, 1, 1, '2021-01-03 17:25:47'),
(1270, 1, 2, '2021-01-03 17:27:23'),
(1271, 4, 1, '2021-01-03 17:27:26'),
(1272, 4, 6, '2021-01-03 17:27:28'),
(1273, 4, 10, '2021-01-03 17:27:30'),
(1274, 4, 6, '2021-01-03 17:27:30'),
(1275, 4, 2, '2021-01-03 17:27:33'),
(1276, 1, 1, '2021-01-03 17:27:41'),
(1277, 1, 3, '2021-01-03 17:28:04'),
(1278, 1, 4, '2021-01-03 17:28:21'),
(1279, 1, 3, '2021-01-03 17:28:22'),
(1280, 1, 2, '2021-01-03 17:28:51'),
(1281, 4, 1, '2021-01-03 17:28:55'),
(1282, 4, 6, '2021-01-03 17:28:57'),
(1283, 4, 7, '2021-01-03 17:29:12'),
(1284, 4, 8, '2021-01-03 17:29:22'),
(1285, 4, 6, '2021-01-03 17:29:23'),
(1286, 4, 2, '2021-01-03 17:29:28'),
(1287, 1, 1, '2021-01-03 17:29:32'),
(1288, 1, 3, '2021-01-03 17:29:35'),
(1289, 1, 9, '2021-01-03 17:29:38'),
(1290, 1, 2, '2021-01-03 17:30:34'),
(1291, 4, 1, '2021-01-03 17:30:38'),
(1292, 4, 6, '2021-01-03 17:30:41'),
(1293, 4, 8, '2021-01-03 17:31:03'),
(1294, 4, 6, '2021-01-03 17:31:04'),
(1295, 4, 2, '2021-01-03 17:31:14'),
(1296, 1, 1, '2021-01-03 17:31:18'),
(1297, 1, 2, '2021-01-03 17:44:01'),
(1298, 4, 1, '2021-01-03 17:44:06'),
(1299, 4, 2, '2021-01-03 17:44:22'),
(1300, 2, 1, '2021-01-03 17:44:29'),
(1301, 2, 2, '2021-01-03 17:45:03'),
(1302, 4, 1, '2021-01-03 17:45:08'),
(1303, 4, 6, '2021-01-03 20:50:36'),
(1304, 4, 6, '2021-01-03 21:37:40'),
(1305, 4, 6, '2021-01-03 21:38:35'),
(1306, 4, 6, '2021-01-03 21:38:37'),
(1307, 4, 6, '2021-01-03 21:38:38'),
(1308, 4, 6, '2021-01-03 21:38:38'),
(1309, 4, 7, '2021-01-03 21:38:41'),
(1310, 4, 6, '2021-01-03 21:46:08'),
(1311, 4, 6, '2021-01-03 21:48:06'),
(1312, 4, 2, '2021-01-03 21:48:13'),
(1313, 2, 1, '2021-01-03 21:48:22'),
(1314, 2, 2, '2021-01-03 21:53:50'),
(1315, 4, 1, '2021-01-03 21:53:53'),
(1316, 4, 2, '2021-01-03 21:54:05'),
(1317, 2, 1, '2021-01-03 21:54:09'),
(1318, 2, 2, '2021-01-03 21:57:27'),
(1319, 4, 1, '2021-01-03 21:57:30'),
(1320, 4, 2, '2021-01-03 21:57:44'),
(1321, 2, 1, '2021-01-03 21:57:48'),
(1322, 2, 2, '2021-01-03 22:13:59'),
(1323, 4, 1, '2021-01-03 22:14:05'),
(1324, 4, 46, '2021-01-03 22:14:07'),
(1325, 4, 46, '2021-01-03 22:15:11'),
(1326, 4, 46, '2021-01-03 22:15:15'),
(1327, 4, 46, '2021-01-03 22:15:31'),
(1328, 4, 46, '2021-01-03 22:15:31'),
(1329, 4, 46, '2021-01-03 22:15:38'),
(1330, 4, 46, '2021-01-03 22:15:42'),
(1331, 4, 46, '2021-01-03 22:15:47'),
(1332, 4, 46, '2021-01-03 22:15:49'),
(1333, 4, 46, '2021-01-03 22:15:53'),
(1334, 4, 46, '2021-01-03 22:18:12'),
(1335, 4, 46, '2021-01-03 22:19:58'),
(1336, 4, 46, '2021-01-03 22:20:23'),
(1337, 4, 46, '2021-01-03 22:20:24'),
(1338, 4, 46, '2021-01-03 22:22:08'),
(1339, 4, 46, '2021-01-03 22:22:08'),
(1340, 4, 46, '2021-01-03 22:22:36'),
(1341, 4, 46, '2021-01-03 22:22:39'),
(1342, 4, 46, '2021-01-03 22:23:02'),
(1343, 4, 46, '2021-01-03 22:24:00'),
(1344, 4, 21, '2021-01-03 22:32:04'),
(1345, 4, 21, '2021-01-03 22:32:04'),
(1346, 4, 21, '2021-01-03 22:32:06'),
(1347, 4, 39, '2021-01-03 22:44:11'),
(1348, 4, 39, '2021-01-03 22:44:13'),
(1349, 4, 39, '2021-01-03 22:44:21'),
(1350, 4, 43, '2021-01-03 22:44:25'),
(1351, 4, 39, '2021-01-03 22:44:29'),
(1352, 4, 39, '2021-01-03 22:44:33'),
(1353, 4, 38, '2021-01-03 22:44:38'),
(1354, 4, 39, '2021-01-03 22:45:11'),
(1355, 4, 39, '2021-01-03 22:50:24'),
(1356, 4, 39, '2021-01-03 22:51:04'),
(1357, 4, 39, '2021-01-03 22:51:06'),
(1358, 4, 39, '2021-01-03 22:52:18'),
(1359, 4, 39, '2021-01-03 22:58:46'),
(1360, 4, 39, '2021-01-03 23:00:06'),
(1361, 4, 39, '2021-01-03 23:01:25'),
(1362, 4, 39, '2021-01-03 23:01:26'),
(1363, 4, 39, '2021-01-03 23:01:29'),
(1364, 4, 39, '2021-01-03 23:01:30'),
(1365, 4, 39, '2021-01-03 23:04:51'),
(1366, 4, 39, '2021-01-03 23:04:53'),
(1367, 4, 38, '2021-01-03 23:04:56'),
(1368, 4, 39, '2021-01-03 23:04:59'),
(1369, 4, 39, '2021-01-03 23:06:12'),
(1370, 4, 6, '2021-01-03 23:06:14'),
(1371, 4, 24, '2021-01-03 23:06:15'),
(1372, 4, 24, '2021-01-03 23:06:17'),
(1373, 4, 26, '2021-01-03 23:06:17'),
(1374, 4, 39, '2021-01-03 23:06:19'),
(1375, 4, 38, '2021-01-03 23:15:01'),
(1376, 4, 39, '2021-01-03 23:15:06'),
(1377, 4, 38, '2021-01-03 23:17:45'),
(1378, 4, 38, '2021-01-03 23:19:09'),
(1379, 4, 38, '2021-01-03 23:19:10'),
(1380, 4, 38, '2021-01-03 23:19:21'),
(1381, 4, 38, '2021-01-03 23:19:21'),
(1382, 4, 38, '2021-01-03 23:19:22'),
(1383, 4, 38, '2021-01-03 23:20:04'),
(1384, 4, 38, '2021-01-03 23:20:04'),
(1385, 4, 38, '2021-01-03 23:23:34'),
(1386, 4, 38, '2021-01-03 23:23:35'),
(1387, 4, 38, '2021-01-03 23:24:10'),
(1388, 4, 38, '2021-01-03 23:24:44'),
(1389, 4, 38, '2021-01-03 23:24:45'),
(1390, 4, 38, '2021-01-03 23:25:10'),
(1391, 4, 38, '2021-01-03 23:25:11'),
(1392, 4, 38, '2021-01-03 23:26:00'),
(1393, 4, 38, '2021-01-03 23:26:01'),
(1394, 4, 38, '2021-01-03 23:26:01'),
(1395, 4, 38, '2021-01-03 23:26:01'),
(1396, 4, 38, '2021-01-03 23:26:02'),
(1397, 4, 38, '2021-01-03 23:26:03'),
(1398, 4, 38, '2021-01-03 23:26:10'),
(1399, 4, 38, '2021-01-03 23:26:11'),
(1400, 4, 38, '2021-01-03 23:26:11'),
(1401, 4, 38, '2021-01-03 23:26:12'),
(1402, 4, 38, '2021-01-03 23:26:38'),
(1403, 4, 20, '2021-01-03 23:26:40'),
(1404, 4, 19, '2021-01-03 23:26:42'),
(1405, 4, 20, '2021-01-03 23:26:45'),
(1406, 4, 38, '2021-01-03 23:26:50'),
(1407, 4, 38, '2021-01-03 23:27:47'),
(1408, 4, 38, '2021-01-03 23:27:48'),
(1409, 4, 38, '2021-01-03 23:28:03'),
(1410, 4, 38, '2021-01-03 23:28:04'),
(1411, 4, 38, '2021-01-03 23:28:28'),
(1412, 4, 38, '2021-01-03 23:28:29'),
(1413, 4, 38, '2021-01-03 23:28:29'),
(1414, 4, 38, '2021-01-03 23:28:29'),
(1415, 4, 38, '2021-01-03 23:28:35'),
(1416, 4, 38, '2021-01-03 23:28:35'),
(1417, 4, 38, '2021-01-03 23:28:36'),
(1418, 4, 38, '2021-01-03 23:28:40'),
(1419, 4, 38, '2021-01-03 23:28:59'),
(1420, 4, 38, '2021-01-03 23:28:59'),
(1421, 4, 38, '2021-01-03 23:29:00'),
(1422, 4, 38, '2021-01-03 23:29:27'),
(1423, 4, 38, '2021-01-03 23:29:29'),
(1424, 4, 38, '2021-01-03 23:29:31'),
(1425, 4, 43, '2021-01-03 23:29:34'),
(1426, 4, 43, '2021-01-03 23:30:16'),
(1427, 4, 43, '2021-01-03 23:30:17'),
(1428, 4, 43, '2021-01-03 23:31:09'),
(1429, 4, 43, '2021-01-03 23:31:10'),
(1430, 4, 43, '2021-01-03 23:31:24'),
(1431, 4, 43, '2021-01-03 23:31:55'),
(1432, 4, 43, '2021-01-03 23:31:56'),
(1433, 4, 43, '2021-01-03 23:31:56'),
(1434, 4, 43, '2021-01-03 23:32:11'),
(1435, 4, 43, '2021-01-03 23:32:11'),
(1436, 4, 43, '2021-01-03 23:32:11'),
(1437, 4, 43, '2021-01-03 23:32:12'),
(1438, 4, 43, '2021-01-03 23:32:27'),
(1439, 4, 43, '2021-01-03 23:32:28'),
(1440, 4, 43, '2021-01-03 23:32:44'),
(1441, 4, 43, '2021-01-03 23:32:54'),
(1442, 4, 43, '2021-01-03 23:32:55'),
(1443, 4, 43, '2021-01-03 23:32:55'),
(1444, 4, 43, '2021-01-03 23:33:31'),
(1445, 4, 43, '2021-01-03 23:33:31'),
(1446, 4, 43, '2021-01-03 23:33:31'),
(1447, 4, 43, '2021-01-03 23:33:32'),
(1448, 4, 43, '2021-01-03 23:33:32'),
(1449, 4, 43, '2021-01-03 23:33:33'),
(1450, 4, 43, '2021-01-03 23:33:45'),
(1451, 4, 43, '2021-01-03 23:33:46'),
(1452, 4, 43, '2021-01-03 23:33:46'),
(1453, 4, 43, '2021-01-03 23:34:38'),
(1454, 4, 43, '2021-01-03 23:34:39'),
(1455, 4, 43, '2021-01-03 23:34:48'),
(1456, 4, 43, '2021-01-03 23:34:56');
INSERT INTO `log` (`ID`, `UserID`, `FunctionID`, `DateTimeStamp`) VALUES
(1457, 4, 43, '2021-01-03 23:35:01'),
(1458, 4, 43, '2021-01-03 23:35:10'),
(1459, 4, 43, '2021-01-03 23:35:22'),
(1460, 4, 43, '2021-01-03 23:35:25'),
(1461, 4, 38, '2021-01-03 23:35:34'),
(1462, 4, 43, '2021-01-03 23:35:35'),
(1463, 4, 43, '2021-01-03 23:35:42'),
(1464, 4, 20, '2021-01-03 23:35:47'),
(1465, 4, 6, '2021-01-03 23:35:48'),
(1466, 4, 6, '2021-01-03 23:35:50'),
(1467, 4, 20, '2021-01-03 23:35:52'),
(1468, 4, 39, '2021-01-03 23:35:56'),
(1469, 4, 39, '2021-01-03 23:36:37'),
(1470, 4, 39, '2021-01-03 23:37:01'),
(1471, 4, 39, '2021-01-03 23:37:01'),
(1472, 4, 39, '2021-01-03 23:37:11'),
(1473, 4, 46, '2021-01-03 23:37:24'),
(1474, 4, 39, '2021-01-03 23:37:28'),
(1475, 4, 6, '2021-01-03 23:37:28'),
(1476, 4, 20, '2021-01-03 23:37:30'),
(1477, 4, 26, '2021-01-03 23:37:31'),
(1478, 4, 24, '2021-01-03 23:37:31'),
(1479, 4, 26, '2021-01-03 23:37:40'),
(1480, 4, 24, '2021-01-03 23:37:41'),
(1481, 4, 21, '2021-01-03 23:37:42'),
(1482, 4, 29, '2021-01-03 23:45:59'),
(1483, 4, 24, '2021-01-03 23:46:19'),
(1484, 4, 46, '2021-01-03 23:46:25'),
(1485, 4, 46, '2021-01-03 23:47:35'),
(1486, 4, 46, '2021-01-03 23:47:36'),
(1487, 4, 46, '2021-01-03 23:48:45'),
(1488, 4, 46, '2021-01-03 23:48:46'),
(1489, 4, 46, '2021-01-03 23:50:12'),
(1490, 4, 46, '2021-01-03 23:51:08'),
(1491, 4, 46, '2021-01-03 23:51:09'),
(1492, 4, 46, '2021-01-03 23:52:19'),
(1493, 4, 46, '2021-01-03 23:52:39'),
(1494, 4, 46, '2021-01-03 23:52:55'),
(1495, 4, 46, '2021-01-03 23:52:56'),
(1496, 4, 46, '2021-01-03 23:53:23'),
(1497, 4, 46, '2021-01-03 23:53:23'),
(1498, 4, 46, '2021-01-03 23:53:24'),
(1499, 4, 46, '2021-01-03 23:53:24'),
(1500, 4, 46, '2021-01-03 23:53:34'),
(1501, 4, 46, '2021-01-03 23:53:39'),
(1502, 4, 46, '2021-01-03 23:53:50'),
(1503, 4, 46, '2021-01-03 23:53:51'),
(1504, 4, 46, '2021-01-03 23:53:51'),
(1505, 4, 46, '2021-01-03 23:54:02'),
(1506, 4, 46, '2021-01-03 23:54:12'),
(1507, 4, 46, '2021-01-03 23:54:13'),
(1508, 4, 46, '2021-01-03 23:54:38'),
(1509, 4, 46, '2021-01-03 23:54:38'),
(1510, 4, 46, '2021-01-03 23:54:42'),
(1511, 4, 46, '2021-01-03 23:54:43'),
(1512, 4, 46, '2021-01-03 23:54:43'),
(1513, 4, 46, '2021-01-03 23:54:43'),
(1514, 4, 46, '2021-01-03 23:54:48'),
(1515, 4, 46, '2021-01-03 23:54:51'),
(1516, 4, 46, '2021-01-03 23:54:51'),
(1517, 4, 46, '2021-01-03 23:54:54'),
(1518, 4, 46, '2021-01-03 23:54:57'),
(1519, 4, 46, '2021-01-03 23:55:45'),
(1520, 4, 46, '2021-01-03 23:55:45'),
(1521, 4, 46, '2021-01-03 23:55:46'),
(1522, 4, 46, '2021-01-03 23:55:46'),
(1523, 4, 46, '2021-01-03 23:55:52'),
(1524, 4, 46, '2021-01-03 23:55:52'),
(1525, 4, 46, '2021-01-03 23:55:53'),
(1526, 4, 46, '2021-01-03 23:55:54'),
(1527, 4, 46, '2021-01-03 23:55:57'),
(1528, 4, 46, '2021-01-03 23:55:58'),
(1529, 4, 46, '2021-01-03 23:55:59'),
(1530, 4, 46, '2021-01-03 23:56:00'),
(1531, 4, 46, '2021-01-03 23:56:00'),
(1532, 4, 46, '2021-01-03 23:56:01'),
(1533, 4, 46, '2021-01-03 23:56:04'),
(1534, 4, 46, '2021-01-03 23:56:06'),
(1535, 4, 46, '2021-01-03 23:56:14'),
(1536, 4, 46, '2021-01-03 23:56:20'),
(1537, 4, 46, '2021-01-03 23:56:21'),
(1538, 4, 46, '2021-01-03 23:56:25'),
(1539, 4, 46, '2021-01-03 23:56:29'),
(1540, 4, 46, '2021-01-03 23:56:39'),
(1541, 4, 46, '2021-01-03 23:56:40'),
(1542, 4, 46, '2021-01-03 23:56:45'),
(1543, 4, 46, '2021-01-03 23:57:08'),
(1544, 4, 46, '2021-01-03 23:57:08'),
(1545, 4, 46, '2021-01-03 23:57:15'),
(1546, 4, 46, '2021-01-03 23:57:26'),
(1547, 4, 46, '2021-01-03 23:57:26'),
(1548, 4, 46, '2021-01-03 23:57:46'),
(1549, 4, 46, '2021-01-03 23:57:46'),
(1550, 4, 46, '2021-01-03 23:57:53'),
(1551, 4, 46, '2021-01-03 23:57:56'),
(1552, 4, 46, '2021-01-03 23:58:15'),
(1553, 4, 46, '2021-01-03 23:58:41'),
(1554, 4, 46, '2021-01-03 23:58:53'),
(1555, 4, 46, '2021-01-03 23:59:00'),
(1556, 4, 46, '2021-01-03 23:59:00'),
(1557, 4, 46, '2021-01-03 23:59:12'),
(1558, 4, 46, '2021-01-03 23:59:13'),
(1559, 4, 46, '2021-01-03 23:59:13'),
(1560, 4, 46, '2021-01-03 23:59:20'),
(1561, 4, 46, '2021-01-03 23:59:21'),
(1562, 4, 46, '2021-01-03 23:59:21'),
(1563, 4, 46, '2021-01-03 23:59:25'),
(1564, 4, 46, '2021-01-03 23:59:26'),
(1565, 4, 46, '2021-01-03 23:59:34'),
(1566, 4, 46, '2021-01-03 23:59:40'),
(1567, 4, 46, '2021-01-03 23:59:44'),
(1568, 4, 46, '2021-01-03 23:59:51'),
(1569, 4, 46, '2021-01-04 00:00:00'),
(1570, 4, 46, '2021-01-04 00:00:04'),
(1571, 4, 46, '2021-01-04 00:00:11'),
(1572, 4, 46, '2021-01-04 00:00:21'),
(1573, 4, 46, '2021-01-04 00:00:40'),
(1574, 4, 46, '2021-01-04 00:01:45'),
(1575, 4, 46, '2021-01-04 00:02:03'),
(1576, 4, 46, '2021-01-04 00:02:10'),
(1577, 4, 46, '2021-01-04 00:02:26'),
(1578, 4, 46, '2021-01-04 00:02:38'),
(1579, 4, 46, '2021-01-04 00:02:47'),
(1580, 4, 46, '2021-01-04 00:02:47'),
(1581, 4, 46, '2021-01-04 00:02:48'),
(1582, 4, 46, '2021-01-04 00:02:48'),
(1583, 4, 46, '2021-01-04 00:02:48'),
(1584, 4, 46, '2021-01-04 00:02:49'),
(1585, 4, 46, '2021-01-04 00:02:54'),
(1586, 4, 46, '2021-01-04 00:03:03'),
(1587, 4, 46, '2021-01-04 00:03:06'),
(1588, 4, 46, '2021-01-04 00:03:11'),
(1589, 4, 46, '2021-01-04 00:03:23'),
(1590, 4, 46, '2021-01-04 00:03:51'),
(1591, 4, 46, '2021-01-04 00:04:04'),
(1592, 4, 46, '2021-01-04 00:04:07'),
(1593, 4, 46, '2021-01-04 00:04:13'),
(1594, 4, 46, '2021-01-04 00:04:36'),
(1595, 4, 46, '2021-01-04 00:04:40'),
(1596, 4, 46, '2021-01-04 00:04:50'),
(1597, 4, 46, '2021-01-04 00:04:57'),
(1598, 4, 46, '2021-01-04 00:05:07'),
(1599, 4, 46, '2021-01-04 00:05:44'),
(1600, 4, 46, '2021-01-04 00:05:45'),
(1601, 4, 46, '2021-01-04 00:05:54'),
(1602, 4, 46, '2021-01-04 00:06:13'),
(1603, 4, 46, '2021-01-04 00:06:41'),
(1604, 4, 46, '2021-01-04 00:06:55'),
(1605, 4, 46, '2021-01-04 00:07:06'),
(1606, 4, 46, '2021-01-04 00:07:17'),
(1607, 4, 46, '2021-01-04 00:07:21'),
(1608, 4, 46, '2021-01-04 00:07:34'),
(1609, 4, 46, '2021-01-04 00:07:56'),
(1610, 4, 46, '2021-01-04 00:08:21'),
(1611, 4, 46, '2021-01-04 00:08:28'),
(1612, 4, 46, '2021-01-04 00:08:40'),
(1613, 4, 46, '2021-01-04 00:08:48'),
(1614, 4, 46, '2021-01-04 00:09:05'),
(1615, 4, 46, '2021-01-04 00:09:07'),
(1616, 4, 46, '2021-01-04 00:09:09'),
(1617, 4, 46, '2021-01-04 00:09:48'),
(1618, 4, 46, '2021-01-04 00:10:01'),
(1619, 4, 46, '2021-01-04 00:11:06'),
(1620, 4, 46, '2021-01-04 00:11:20'),
(1621, 4, 46, '2021-01-04 00:11:26'),
(1622, 4, 46, '2021-01-04 00:11:33'),
(1623, 4, 46, '2021-01-04 00:11:33'),
(1624, 4, 46, '2021-01-04 00:11:37'),
(1625, 4, 46, '2021-01-04 00:11:38'),
(1626, 4, 46, '2021-01-04 00:11:44'),
(1627, 4, 46, '2021-01-04 00:11:45'),
(1628, 4, 46, '2021-01-04 00:11:48'),
(1629, 4, 46, '2021-01-04 00:11:51'),
(1630, 4, 46, '2021-01-04 00:12:01'),
(1631, 4, 46, '2021-01-04 00:12:02'),
(1632, 4, 46, '2021-01-04 00:12:24'),
(1633, 4, 46, '2021-01-04 00:12:31'),
(1634, 4, 46, '2021-01-04 00:12:35'),
(1635, 4, 46, '2021-01-04 00:12:43'),
(1636, 4, 46, '2021-01-04 00:12:44'),
(1637, 4, 46, '2021-01-04 00:12:51'),
(1638, 4, 46, '2021-01-04 00:12:53'),
(1639, 4, 46, '2021-01-04 00:12:56'),
(1640, 4, 46, '2021-01-04 00:13:04'),
(1641, 4, 46, '2021-01-04 00:13:05'),
(1642, 4, 46, '2021-01-04 00:13:16'),
(1643, 4, 46, '2021-01-04 00:13:17'),
(1644, 4, 46, '2021-01-04 00:13:26'),
(1645, 4, 46, '2021-01-04 00:13:27'),
(1646, 4, 46, '2021-01-04 00:13:34'),
(1647, 4, 46, '2021-01-04 00:13:42'),
(1648, 4, 46, '2021-01-04 00:13:57'),
(1649, 4, 46, '2021-01-04 00:14:04'),
(1650, 4, 46, '2021-01-04 00:14:11'),
(1651, 4, 46, '2021-01-04 00:14:11'),
(1652, 4, 46, '2021-01-04 00:14:20'),
(1653, 4, 46, '2021-01-04 00:14:29'),
(1654, 4, 46, '2021-01-04 00:14:48'),
(1655, 4, 46, '2021-01-04 00:14:48'),
(1656, 4, 46, '2021-01-04 00:15:06'),
(1657, 4, 46, '2021-01-04 00:15:08'),
(1658, 4, 46, '2021-01-04 00:15:11'),
(1659, 4, 46, '2021-01-04 00:15:16'),
(1660, 4, 46, '2021-01-04 00:15:23'),
(1661, 4, 46, '2021-01-04 00:16:14'),
(1662, 4, 46, '2021-01-04 00:19:01'),
(1663, 4, 46, '2021-01-04 00:19:07'),
(1664, 4, 46, '2021-01-04 00:19:13'),
(1665, 4, 46, '2021-01-04 00:19:37'),
(1666, 4, 46, '2021-01-04 00:20:10'),
(1667, 4, 46, '2021-01-04 00:20:10'),
(1668, 4, 46, '2021-01-04 00:20:38'),
(1669, 4, 46, '2021-01-04 00:21:14'),
(1670, 4, 46, '2021-01-04 00:21:15'),
(1671, 4, 46, '2021-01-04 00:21:17'),
(1672, 4, 46, '2021-01-04 00:21:19'),
(1673, 4, 46, '2021-01-04 00:21:28'),
(1674, 4, 46, '2021-01-04 00:22:01'),
(1675, 4, 46, '2021-01-04 00:23:29'),
(1676, 4, 46, '2021-01-04 00:23:36'),
(1677, 4, 46, '2021-01-04 00:23:39'),
(1678, 4, 46, '2021-01-04 00:23:46'),
(1679, 4, 46, '2021-01-04 00:23:49'),
(1680, 4, 46, '2021-01-04 00:23:58'),
(1681, 4, 46, '2021-01-04 00:24:06'),
(1682, 4, 46, '2021-01-04 00:24:20'),
(1683, 4, 46, '2021-01-04 00:24:31'),
(1684, 4, 46, '2021-01-04 00:24:36'),
(1685, 4, 46, '2021-01-04 00:24:41'),
(1686, 4, 46, '2021-01-04 00:24:42'),
(1687, 4, 46, '2021-01-04 00:24:55'),
(1688, 4, 46, '2021-01-04 00:24:57'),
(1689, 4, 46, '2021-01-04 00:25:40'),
(1690, 4, 46, '2021-01-04 00:25:40'),
(1691, 4, 46, '2021-01-04 00:25:46'),
(1692, 4, 46, '2021-01-04 00:25:54'),
(1693, 4, 46, '2021-01-04 00:25:58'),
(1694, 4, 46, '2021-01-04 00:26:05'),
(1695, 4, 46, '2021-01-04 00:26:05'),
(1696, 4, 46, '2021-01-04 00:26:06'),
(1697, 4, 46, '2021-01-04 00:26:09'),
(1698, 4, 46, '2021-01-04 00:26:10'),
(1699, 4, 46, '2021-01-04 00:26:13'),
(1700, 4, 46, '2021-01-04 00:26:14'),
(1701, 4, 46, '2021-01-04 00:26:19'),
(1702, 4, 46, '2021-01-04 00:26:29'),
(1703, 4, 46, '2021-01-04 00:26:29'),
(1704, 4, 46, '2021-01-04 00:26:30'),
(1705, 4, 46, '2021-01-04 00:27:04'),
(1706, 4, 46, '2021-01-04 00:28:03'),
(1707, 4, 46, '2021-01-04 00:28:05'),
(1708, 4, 46, '2021-01-04 00:28:20'),
(1709, 4, 46, '2021-01-04 00:28:26'),
(1710, 4, 46, '2021-01-04 00:28:50'),
(1711, 4, 46, '2021-01-04 00:28:54'),
(1712, 4, 46, '2021-01-04 00:29:01'),
(1713, 4, 46, '2021-01-04 00:29:05'),
(1714, 4, 46, '2021-01-04 00:29:09'),
(1715, 4, 46, '2021-01-04 00:29:57'),
(1716, 4, 46, '2021-01-04 00:30:24'),
(1717, 4, 46, '2021-01-04 00:30:30'),
(1718, 4, 46, '2021-01-04 00:30:34'),
(1719, 4, 46, '2021-01-04 00:30:43'),
(1720, 4, 46, '2021-01-04 00:30:48'),
(1721, 4, 46, '2021-01-04 00:31:00'),
(1722, 4, 46, '2021-01-04 00:31:05'),
(1723, 4, 46, '2021-01-04 00:31:09'),
(1724, 4, 46, '2021-01-04 00:31:20'),
(1725, 4, 46, '2021-01-04 00:31:34'),
(1726, 4, 46, '2021-01-04 00:31:34'),
(1727, 4, 46, '2021-01-04 00:31:37'),
(1728, 4, 46, '2021-01-04 00:31:50'),
(1729, 4, 46, '2021-01-04 00:31:56'),
(1730, 4, 46, '2021-01-04 00:32:05'),
(1731, 4, 46, '2021-01-04 00:32:09'),
(1732, 4, 46, '2021-01-04 00:32:15'),
(1733, 4, 46, '2021-01-04 00:32:21'),
(1734, 4, 46, '2021-01-04 00:32:29'),
(1735, 4, 46, '2021-01-04 00:32:44'),
(1736, 4, 46, '2021-01-04 00:32:45'),
(1737, 4, 46, '2021-01-04 00:32:50'),
(1738, 4, 46, '2021-01-04 00:33:07'),
(1739, 4, 46, '2021-01-04 00:33:15'),
(1740, 4, 46, '2021-01-04 00:33:16'),
(1741, 4, 46, '2021-01-04 00:33:21'),
(1742, 4, 46, '2021-01-04 00:33:22'),
(1743, 4, 46, '2021-01-04 00:33:59'),
(1744, 4, 46, '2021-01-04 00:34:12'),
(1745, 4, 46, '2021-01-04 00:34:19'),
(1746, 4, 46, '2021-01-04 00:34:40'),
(1747, 4, 46, '2021-01-04 00:34:42'),
(1748, 4, 46, '2021-01-04 00:34:42'),
(1749, 4, 46, '2021-01-04 00:34:47'),
(1750, 4, 46, '2021-01-04 00:35:12'),
(1751, 4, 46, '2021-01-04 00:35:13'),
(1752, 4, 46, '2021-01-04 00:35:18'),
(1753, 4, 46, '2021-01-04 00:35:48'),
(1754, 4, 46, '2021-01-04 00:35:49'),
(1755, 4, 46, '2021-01-04 00:35:56'),
(1756, 4, 46, '2021-01-04 00:36:03'),
(1757, 4, 46, '2021-01-04 00:36:07'),
(1758, 4, 46, '2021-01-04 00:36:13'),
(1759, 4, 46, '2021-01-04 00:36:14'),
(1760, 4, 46, '2021-01-04 00:36:16'),
(1761, 4, 46, '2021-01-04 00:36:19'),
(1762, 4, 46, '2021-01-04 00:36:45'),
(1763, 4, 46, '2021-01-04 00:36:46'),
(1764, 4, 46, '2021-01-04 00:37:01'),
(1765, 4, 21, '2021-01-04 00:37:04'),
(1766, 4, 46, '2021-01-04 00:37:06'),
(1767, 4, 46, '2021-01-04 00:37:09'),
(1768, 4, 46, '2021-01-04 00:37:24'),
(1769, 4, 46, '2021-01-04 00:37:29'),
(1770, 4, 46, '2021-01-04 00:37:36'),
(1771, 4, 46, '2021-01-04 00:37:42'),
(1772, 4, 46, '2021-01-04 00:37:55'),
(1773, 4, 46, '2021-01-04 00:38:18'),
(1774, 4, 46, '2021-01-04 00:39:03'),
(1775, 4, 46, '2021-01-04 00:39:04'),
(1776, 4, 46, '2021-01-04 00:39:08'),
(1777, 4, 46, '2021-01-04 00:39:22'),
(1778, 4, 21, '2021-01-04 00:39:25'),
(1779, 4, 46, '2021-01-04 00:39:26'),
(1780, 4, 46, '2021-01-04 00:39:28'),
(1781, 4, 46, '2021-01-04 00:39:35'),
(1782, 4, 46, '2021-01-04 00:39:39'),
(1783, 4, 46, '2021-01-04 00:39:45'),
(1784, 4, 46, '2021-01-04 00:40:16'),
(1785, 4, 46, '2021-01-04 00:40:38'),
(1786, 4, 46, '2021-01-04 00:41:06'),
(1787, 4, 46, '2021-01-04 00:41:13'),
(1788, 4, 46, '2021-01-04 00:41:19'),
(1789, 4, 46, '2021-01-04 00:41:48'),
(1790, 4, 46, '2021-01-04 00:42:06'),
(1791, 4, 46, '2021-01-04 00:42:56'),
(1792, 4, 46, '2021-01-04 00:43:41'),
(1793, 4, 46, '2021-01-04 00:43:47'),
(1794, 4, 46, '2021-01-04 00:44:00'),
(1795, 4, 46, '2021-01-04 00:44:01'),
(1796, 4, 46, '2021-01-04 00:44:48'),
(1797, 4, 46, '2021-01-04 00:45:02'),
(1798, 4, 46, '2021-01-04 00:45:09'),
(1799, 4, 46, '2021-01-04 00:45:17'),
(1800, 4, 46, '2021-01-04 00:45:27'),
(1801, 4, 46, '2021-01-04 00:45:42'),
(1802, 4, 21, '2021-01-04 00:49:33'),
(1803, 4, 2, '2021-01-04 01:00:51'),
(1804, 1, 1, '2021-01-04 01:00:55'),
(1805, 1, 2, '2021-01-04 01:01:00'),
(1806, 4, 1, '2021-01-04 01:01:04'),
(1807, 4, 46, '2021-01-04 01:05:47'),
(1808, 4, 39, '2021-01-04 01:06:01'),
(1809, 4, 6, '2021-01-04 01:06:06'),
(1810, 4, 2, '2021-01-04 01:06:08'),
(1811, 1, 1, '2021-01-04 01:06:15'),
(1812, 1, 2, '2021-01-04 01:06:31'),
(1813, 1, 1, '2021-01-04 01:06:34'),
(1814, 1, 3, '2021-01-04 01:06:36'),
(1815, 1, 4, '2021-01-04 01:06:48'),
(1816, 1, 3, '2021-01-04 01:06:49'),
(1817, 1, 2, '2021-01-04 01:07:03'),
(1818, 4, 1, '2021-01-04 01:07:06'),
(1819, 4, 6, '2021-01-04 01:07:09'),
(1820, 4, 7, '2021-01-04 01:07:16'),
(1821, 4, 8, '2021-01-04 01:07:27'),
(1822, 4, 6, '2021-01-04 01:07:27'),
(1823, 4, 2, '2021-01-04 01:07:35'),
(1824, 1, 1, '2021-01-04 01:07:38'),
(1825, 1, 3, '2021-01-04 01:07:40'),
(1826, 1, 3, '2021-01-04 01:08:00'),
(1827, 1, 9, '2021-01-04 01:08:02'),
(1828, 1, 26, '2021-01-04 01:08:15'),
(1829, 1, 26, '2021-01-04 01:08:16'),
(1830, 1, 3, '2021-01-04 01:08:20'),
(1831, 1, 24, '2021-01-04 01:08:20'),
(1832, 1, 3, '2021-01-04 01:08:22'),
(1833, 1, 26, '2021-01-04 01:08:54'),
(1834, 1, 39, '2021-01-04 01:08:58'),
(1835, 1, 26, '2021-01-04 01:09:06'),
(1836, 1, 39, '2021-01-04 01:09:07'),
(1837, 1, 26, '2021-01-04 01:09:09'),
(1838, 1, 39, '2021-01-04 01:09:10'),
(1839, 1, 24, '2021-01-04 01:09:11'),
(1840, 1, 34, '2021-01-04 01:09:29'),
(1841, 1, 26, '2021-01-04 01:09:30'),
(1842, 1, 24, '2021-01-04 01:09:34'),
(1843, 1, 34, '2021-01-04 01:09:42'),
(1844, 1, 26, '2021-01-04 01:09:42'),
(1845, 1, 25, '2021-01-04 01:09:48'),
(1846, 1, 35, '2021-01-04 01:09:52'),
(1847, 1, 25, '2021-01-04 01:09:52'),
(1848, 1, 25, '2021-01-04 01:09:54'),
(1849, 1, 24, '2021-01-04 01:09:58'),
(1850, 1, 3, '2021-01-04 01:10:00'),
(1851, 1, 26, '2021-01-04 01:10:02'),
(1852, 1, 27, '2021-01-04 01:10:08'),
(1853, 1, 26, '2021-01-04 01:10:13'),
(1854, 1, 2, '2021-01-04 01:10:14'),
(1855, 4, 1, '2021-01-04 01:10:18'),
(1856, 4, 21, '2021-01-04 01:10:22'),
(1857, 4, 29, '2021-01-04 01:10:41'),
(1858, 4, 21, '2021-01-04 01:11:34'),
(1859, 4, 29, '2021-01-04 01:11:41'),
(1860, 4, 21, '2021-01-04 01:11:43'),
(1861, 4, 29, '2021-01-04 01:11:48'),
(1862, 4, 37, '2021-01-04 01:11:57'),
(1863, 4, 29, '2021-01-04 01:11:58'),
(1864, 4, 32, '2021-01-04 01:12:02'),
(1865, 4, 29, '2021-01-04 01:12:06'),
(1866, 4, 2, '2021-01-04 01:12:10'),
(1867, 3, 1, '2021-01-04 01:12:14'),
(1868, 3, 30, '2021-01-04 01:12:15'),
(1869, 3, 32, '2021-01-04 01:12:32'),
(1870, 3, 36, '2021-01-04 01:12:56'),
(1871, 3, 32, '2021-01-04 01:12:56'),
(1872, 3, 36, '2021-01-04 01:13:01'),
(1873, 3, 32, '2021-01-04 01:13:02'),
(1874, 3, 2, '2021-01-04 01:13:05'),
(1875, 1, 1, '2021-01-04 01:13:11'),
(1876, 1, 26, '2021-01-04 01:13:12'),
(1877, 1, 27, '2021-01-04 01:13:17'),
(1878, 1, 26, '2021-01-04 01:13:17'),
(1879, 1, 27, '2021-01-04 01:13:18'),
(1880, 1, 26, '2021-01-04 01:13:19'),
(1881, 1, 2, '2021-01-04 01:13:21'),
(1882, 4, 1, '2021-01-04 01:13:24'),
(1883, 4, 26, '2021-01-04 01:13:26'),
(1884, 4, 2, '2021-01-04 01:13:27'),
(1885, 2, 1, '2021-01-04 01:13:33'),
(1886, 2, 24, '2021-01-04 01:13:34'),
(1887, 2, 26, '2021-01-04 01:13:35'),
(1888, 2, 27, '2021-01-04 01:13:42'),
(1889, 2, 28, '2021-01-04 01:14:00'),
(1890, 2, 27, '2021-01-04 01:14:13'),
(1891, 2, 2, '2021-01-04 01:14:17'),
(1892, 4, 1, '2021-01-04 01:14:20'),
(1893, 4, 21, '2021-01-04 01:14:23'),
(1894, 4, 29, '2021-01-04 01:14:26'),
(1895, 4, 22, '2021-01-04 01:14:29'),
(1896, 4, 21, '2021-01-04 01:14:30'),
(1897, 4, 2, '2021-01-04 01:14:32'),
(1898, 2, 1, '2021-01-04 01:14:35'),
(1899, 2, 26, '2021-01-04 01:14:37'),
(1900, 2, 2, '2021-01-04 01:14:46'),
(1901, 4, 1, '2021-01-04 01:14:50'),
(1902, 4, 38, '2021-01-04 01:14:53'),
(1903, 4, 43, '2021-01-04 01:14:55'),
(1904, 4, 20, '2021-01-04 01:15:00'),
(1905, 4, 20, '2021-01-04 01:15:12'),
(1906, 4, 20, '2021-01-04 01:15:16'),
(1907, 4, 19, '2021-01-04 01:15:18'),
(1908, 4, 20, '2021-01-04 01:15:20'),
(1909, 4, 39, '2021-01-04 01:15:25'),
(1910, 4, 39, '2021-01-04 01:15:28'),
(1911, 4, 20, '2021-01-04 01:15:33'),
(1912, 4, 6, '2021-01-04 01:15:40'),
(1913, 4, 6, '2021-01-04 01:15:47'),
(1914, 4, 7, '2021-01-04 01:15:53'),
(1915, 4, 6, '2021-01-04 01:15:56'),
(1916, 4, 7, '2021-01-04 01:16:14'),
(1917, 4, 6, '2021-01-04 01:16:18'),
(1918, 4, 7, '2021-01-04 01:16:20'),
(1919, 4, 8, '2021-01-04 01:16:21'),
(1920, 4, 6, '2021-01-04 01:16:22'),
(1921, 4, 7, '2021-01-04 01:16:26'),
(1922, 4, 8, '2021-01-04 01:16:28'),
(1923, 4, 6, '2021-01-04 01:16:29'),
(1924, 4, 8, '2021-01-04 01:16:44'),
(1925, 4, 6, '2021-01-04 01:16:44'),
(1926, 4, 6, '2021-01-04 01:16:57'),
(1927, 4, 6, '2021-01-04 01:17:46'),
(1928, 4, 2, '2021-01-04 01:17:50'),
(1929, 4, 1, '2021-01-04 01:17:54'),
(1930, 4, 46, '2021-01-04 01:18:00'),
(1931, 4, 2, '2021-01-04 01:18:51'),
(1932, 4, 1, '2021-01-04 08:36:13'),
(1933, 4, 46, '2021-01-04 08:36:15'),
(1934, 4, 46, '2021-01-04 08:36:40'),
(1935, 4, 46, '2021-01-04 08:37:39'),
(1936, 4, 46, '2021-01-04 08:38:04'),
(1937, 4, 46, '2021-01-04 08:38:05'),
(1938, 4, 46, '2021-01-04 08:38:05'),
(1939, 4, 46, '2021-01-04 08:38:10'),
(1940, 4, 46, '2021-01-04 08:38:25'),
(1941, 4, 46, '2021-01-04 08:38:29'),
(1942, 4, 46, '2021-01-04 09:00:33'),
(1943, 4, 46, '2021-01-04 09:08:21'),
(1944, 4, 46, '2021-01-04 09:08:21'),
(1945, 4, 46, '2021-01-04 09:08:22'),
(1946, 4, 46, '2021-01-04 09:08:22'),
(1947, 4, 46, '2021-01-04 09:08:32'),
(1948, 4, 46, '2021-01-04 09:09:11'),
(1949, 4, 46, '2021-01-04 09:09:26'),
(1950, 4, 46, '2021-01-04 09:11:05'),
(1951, 4, 46, '2021-01-04 09:11:19'),
(1952, 4, 46, '2021-01-04 09:11:52'),
(1953, 4, 46, '2021-01-04 09:12:00'),
(1954, 4, 46, '2021-01-04 09:12:01'),
(1955, 4, 46, '2021-01-04 09:12:09'),
(1956, 4, 46, '2021-01-04 09:12:17'),
(1957, 4, 46, '2021-01-04 09:12:18'),
(1958, 4, 46, '2021-01-04 09:12:31'),
(1959, 4, 46, '2021-01-04 09:12:31'),
(1960, 4, 46, '2021-01-04 09:12:31'),
(1961, 4, 46, '2021-01-04 09:12:31'),
(1962, 4, 46, '2021-01-04 09:12:32'),
(1963, 4, 46, '2021-01-04 09:12:50'),
(1964, 4, 21, '2021-01-04 09:18:04'),
(1965, 4, 29, '2021-01-04 09:18:56'),
(1966, 4, 21, '2021-01-04 09:18:58'),
(1967, 4, 29, '2021-01-04 09:18:59'),
(1968, 4, 21, '2021-01-04 09:19:01'),
(1969, 4, 29, '2021-01-04 09:19:02'),
(1970, 4, 21, '2021-01-04 09:19:03'),
(1971, 4, 29, '2021-01-04 09:19:04'),
(1972, 4, 21, '2021-01-04 09:19:06'),
(1973, 4, 21, '2021-01-04 09:19:25'),
(1974, 4, 21, '2021-01-04 09:19:30'),
(1975, 4, 21, '2021-01-04 09:19:32'),
(1976, 4, 21, '2021-01-04 09:19:32'),
(1977, 4, 21, '2021-01-04 09:19:33'),
(1978, 4, 21, '2021-01-04 09:19:35'),
(1979, 4, 21, '2021-01-04 09:19:36'),
(1980, 4, 21, '2021-01-04 09:19:36'),
(1981, 4, 24, '2021-01-04 09:19:47'),
(1982, 4, 34, '2021-01-04 09:19:57'),
(1983, 4, 26, '2021-01-04 09:19:58'),
(1984, 4, 21, '2021-01-04 09:20:00'),
(1985, 4, 21, '2021-01-04 09:21:47'),
(1986, 4, 29, '2021-01-04 09:21:58'),
(1987, 4, 21, '2021-01-04 09:22:01'),
(1988, 4, 20, '2021-01-04 09:22:03'),
(1989, 4, 26, '2021-01-04 09:22:04'),
(1990, 4, 24, '2021-01-04 09:22:05'),
(1991, 4, 21, '2021-01-04 09:22:07'),
(1992, 4, 29, '2021-01-04 09:22:09'),
(1993, 4, 32, '2021-01-04 09:22:12'),
(1994, 4, 29, '2021-01-04 09:22:17'),
(1995, 4, 24, '2021-01-04 09:22:18'),
(1996, 4, 26, '2021-01-04 09:22:18'),
(1997, 4, 27, '2021-01-04 09:22:20'),
(1998, 4, 26, '2021-01-04 09:22:21'),
(1999, 4, 6, '2021-01-04 09:22:23'),
(2000, 4, 7, '2021-01-04 09:22:24'),
(2001, 4, 6, '2021-01-04 09:22:26'),
(2002, 4, 39, '2021-01-04 09:22:29'),
(2003, 4, 39, '2021-01-04 09:22:33'),
(2004, 4, 46, '2021-01-04 09:22:35'),
(2005, 4, 46, '2021-01-04 09:28:36'),
(2006, 4, 46, '2021-01-04 09:29:02'),
(2007, 4, 46, '2021-01-04 09:29:28'),
(2008, 4, 39, '2021-01-04 09:29:42'),
(2009, 4, 39, '2021-01-04 09:29:46'),
(2010, 4, 6, '2021-01-04 09:29:51'),
(2011, 4, 7, '2021-01-04 09:29:53'),
(2012, 4, 6, '2021-01-04 09:29:56'),
(2013, 4, 20, '2021-01-04 09:29:57'),
(2014, 4, 6, '2021-01-04 09:29:59'),
(2015, 4, 26, '2021-01-04 09:30:00'),
(2016, 4, 27, '2021-01-04 09:30:01'),
(2017, 4, 26, '2021-01-04 09:30:02'),
(2018, 4, 25, '2021-01-04 09:30:04'),
(2019, 4, 26, '2021-01-04 09:30:05'),
(2020, 4, 24, '2021-01-04 09:30:07'),
(2021, 4, 26, '2021-01-04 09:30:09'),
(2022, 4, 21, '2021-01-04 09:30:10'),
(2023, 4, 29, '2021-01-04 09:30:16'),
(2024, 4, 37, '2021-01-04 09:30:21'),
(2025, 4, 29, '2021-01-04 09:30:22'),
(2026, 4, 29, '2021-01-04 09:30:50'),
(2027, 4, 21, '2021-01-04 09:30:51'),
(2028, 4, 21, '2021-01-04 09:30:54'),
(2029, 4, 24, '2021-01-04 09:30:55'),
(2030, 4, 24, '2021-01-04 09:30:58'),
(2031, 4, 46, '2021-01-04 09:30:59'),
(2032, 4, 21, '2021-01-04 09:31:08'),
(2033, 4, 24, '2021-01-04 09:31:09'),
(2034, 4, 20, '2021-01-04 09:31:10'),
(2035, 4, 6, '2021-01-04 09:31:12'),
(2036, 4, 39, '2021-01-04 09:31:17'),
(2037, 4, 2, '2021-01-04 09:31:19'),
(2038, 1, 1, '2021-01-04 09:31:23'),
(2039, 1, 3, '2021-01-04 09:31:25'),
(2040, 1, 24, '2021-01-04 09:31:28'),
(2041, 1, 39, '2021-01-04 09:31:30'),
(2042, 1, 26, '2021-01-04 09:31:32'),
(2043, 1, 27, '2021-01-04 09:31:35'),
(2044, 1, 26, '2021-01-04 09:31:36'),
(2045, 1, 26, '2021-01-04 09:31:49'),
(2046, 1, 27, '2021-01-04 09:31:51'),
(2047, 1, 26, '2021-01-04 09:31:52'),
(2048, 1, 3, '2021-01-04 09:31:54'),
(2049, 1, 2, '2021-01-04 09:31:55'),
(2050, 4, 1, '2021-01-04 09:49:13'),
(2051, 4, 20, '2021-01-04 09:49:38'),
(2052, 4, 2, '2021-01-04 09:53:37'),
(2053, 4, 1, '2021-01-04 10:13:21'),
(2054, 4, 2, '2021-01-04 10:13:36'),
(2055, 4, 1, '2021-01-04 10:15:21'),
(2056, 4, 24, '2021-01-04 10:16:06'),
(2057, 4, 26, '2021-01-04 10:16:24'),
(2058, 4, 21, '2021-01-04 10:16:45'),
(2059, 4, 46, '2021-01-04 10:18:06'),
(2060, 4, 46, '2021-01-04 10:18:34'),
(2061, 4, 46, '2021-01-04 10:18:45'),
(2062, 4, 46, '2021-01-04 10:19:00'),
(2063, 4, 21, '2021-01-04 10:22:07'),
(2064, 4, 2, '2021-01-04 10:22:11'),
(2065, 1, 1, '2021-01-04 10:22:20'),
(2066, 1, 3, '2021-01-04 10:22:21'),
(2067, 1, 2, '2021-01-04 10:26:22'),
(2068, 1, 1, '2021-01-04 10:34:57'),
(2069, 1, 26, '2021-01-04 10:38:52'),
(2070, 1, 26, '2021-01-04 10:39:17'),
(2071, 1, 2, '2021-01-04 10:40:52'),
(2072, 2, 1, '2021-01-04 10:40:58'),
(2073, 2, 39, '2021-01-04 10:41:23'),
(2074, 2, 39, '2021-01-04 10:41:23'),
(2075, 2, 39, '2021-01-04 10:41:34'),
(2076, 2, 2, '2021-01-04 10:43:48'),
(2077, 1, 1, '2021-01-04 10:43:50'),
(2078, 1, 26, '2021-01-04 10:47:39'),
(2079, 1, 26, '2021-01-04 10:47:39'),
(2080, 1, 24, '2021-01-04 10:47:41'),
(2081, 1, 24, '2021-01-04 10:47:42'),
(2082, 1, 24, '2021-01-04 10:47:42'),
(2083, 1, 3, '2021-01-04 10:47:42'),
(2084, 1, 3, '2021-01-04 10:47:43'),
(2085, 1, 2, '2021-01-04 10:47:44'),
(2086, 4, 1, '2021-01-04 10:47:47'),
(2087, 4, 21, '2021-01-04 10:47:48'),
(2088, 4, 24, '2021-01-04 10:47:49'),
(2089, 4, 26, '2021-01-04 10:47:49'),
(2090, 4, 20, '2021-01-04 10:47:50'),
(2091, 4, 6, '2021-01-04 10:47:51'),
(2092, 4, 20, '2021-01-04 10:47:52'),
(2093, 4, 6, '2021-01-04 10:47:55'),
(2094, 4, 6, '2021-01-04 10:47:56'),
(2095, 4, 39, '2021-01-04 10:47:58'),
(2096, 4, 46, '2021-01-04 10:48:07'),
(2097, 4, 21, '2021-01-04 10:48:09'),
(2098, 4, 2, '2021-01-04 10:48:10'),
(2099, 1, 1, '2021-01-04 10:48:13'),
(2100, 1, 3, '2021-01-04 10:49:26'),
(2101, 1, 4, '2021-01-04 10:51:27'),
(2102, 1, 3, '2021-01-04 10:51:28'),
(2103, 1, 2, '2021-01-04 10:51:40'),
(2104, 4, 1, '2021-01-04 10:51:43'),
(2105, 4, 6, '2021-01-04 10:51:45'),
(2106, 4, 7, '2021-01-04 10:51:50'),
(2107, 4, 8, '2021-01-04 10:52:00'),
(2108, 4, 6, '2021-01-04 10:52:00'),
(2109, 4, 2, '2021-01-04 10:52:07'),
(2110, 1, 1, '2021-01-04 10:52:10'),
(2111, 1, 3, '2021-01-04 10:52:12'),
(2112, 1, 9, '2021-01-04 10:52:16'),
(2113, 1, 2, '2021-01-04 10:52:46'),
(2114, 4, 1, '2021-01-04 10:52:49'),
(2115, 4, 6, '2021-01-04 10:52:50'),
(2116, 4, 8, '2021-01-04 10:52:54'),
(2117, 4, 6, '2021-01-04 10:52:55'),
(2118, 4, 2, '2021-01-04 10:52:58'),
(2119, 1, 1, '2021-01-04 10:53:03'),
(2120, 1, 26, '2021-01-04 10:55:23'),
(2121, 1, 24, '2021-01-04 10:55:24'),
(2122, 1, 2, '2021-01-04 10:55:26'),
(2123, 1, 1, '2021-01-04 10:55:30'),
(2124, 1, 3, '2021-01-04 10:55:31'),
(2125, 1, 2, '2021-01-04 10:55:33'),
(2126, 4, 1, '2021-01-04 10:55:39'),
(2127, 4, 6, '2021-01-04 10:55:40'),
(2128, 4, 2, '2021-01-04 10:55:43'),
(2129, 2, 1, '2021-01-04 11:05:01'),
(2130, 2, 24, '2021-01-04 11:05:03'),
(2131, 2, 34, '2021-01-04 11:05:21'),
(2132, 2, 26, '2021-01-04 11:05:21'),
(2133, 2, 27, '2021-01-04 11:05:34'),
(2134, 2, 26, '2021-01-04 11:05:37'),
(2135, 2, 2, '2021-01-04 11:05:38'),
(2136, 4, 1, '2021-01-04 11:05:41'),
(2137, 4, 21, '2021-01-04 11:05:43'),
(2138, 4, 29, '2021-01-04 11:05:47'),
(2139, 4, 37, '2021-01-04 11:05:50'),
(2140, 4, 29, '2021-01-04 11:05:51'),
(2141, 4, 2, '2021-01-04 11:05:55'),
(2142, 3, 1, '2021-01-04 11:05:59'),
(2143, 3, 30, '2021-01-04 11:06:01'),
(2144, 3, 32, '2021-01-04 11:06:03'),
(2145, 3, 36, '2021-01-04 11:07:00'),
(2146, 3, 32, '2021-01-04 11:07:00'),
(2147, 3, 36, '2021-01-04 11:07:05'),
(2148, 3, 32, '2021-01-04 11:07:06'),
(2149, 3, 2, '2021-01-04 11:07:16'),
(2150, 2, 1, '2021-01-04 11:07:23'),
(2151, 2, 26, '2021-01-04 11:07:25'),
(2152, 2, 27, '2021-01-04 11:07:26'),
(2153, 2, 28, '2021-01-04 11:07:32'),
(2154, 2, 2, '2021-01-04 11:07:44'),
(2155, 4, 1, '2021-01-04 11:07:47'),
(2156, 4, 21, '2021-01-04 11:07:49'),
(2157, 4, 29, '2021-01-04 11:07:49'),
(2158, 4, 32, '2021-01-04 11:07:51'),
(2159, 4, 29, '2021-01-04 11:07:53'),
(2160, 4, 22, '2021-01-04 11:07:56'),
(2161, 4, 21, '2021-01-04 11:07:57'),
(2162, 4, 2, '2021-01-04 11:10:20'),
(2163, 2, 1, '2021-01-04 11:10:25'),
(2164, 2, 26, '2021-01-04 11:10:28'),
(2165, 2, 26, '2021-01-04 11:10:39'),
(2166, 2, 27, '2021-01-04 11:10:49'),
(2167, 2, 27, '2021-01-04 11:11:03'),
(2168, 2, 27, '2021-01-04 11:11:32'),
(2169, 2, 26, '2021-01-04 11:11:36'),
(2170, 2, 39, '2021-01-04 11:24:16'),
(2171, 2, 2, '2021-01-04 11:26:27'),
(2172, 4, 1, '2021-01-04 11:26:30'),
(2173, 4, 46, '2021-01-04 11:26:31'),
(2174, 4, 46, '2021-01-04 11:26:33'),
(2175, 4, 46, '2021-01-04 11:26:46'),
(2176, 4, 46, '2021-01-04 11:27:14'),
(2177, 4, 46, '2021-01-04 11:29:52'),
(2178, 4, 46, '2021-01-04 11:30:42'),
(2179, 4, 21, '2021-01-04 11:30:45'),
(2180, 1, 1, '2021-01-04 15:51:14'),
(2181, 1, 3, '2021-01-04 15:51:36'),
(2182, 1, 24, '2021-01-04 15:51:38'),
(2183, 1, 39, '2021-01-04 15:51:39'),
(2184, 1, 26, '2021-01-04 15:51:41'),
(2185, 1, 3, '2021-01-04 16:24:58'),
(2186, 1, 24, '2021-01-04 16:24:58'),
(2187, 1, 39, '2021-01-04 16:24:59'),
(2188, 1, 3, '2021-01-04 16:31:21'),
(2189, 1, 2, '2021-01-04 16:31:24'),
(2190, 4, 1, '2021-01-04 16:31:31'),
(2191, 4, 46, '2021-01-04 16:31:46'),
(2192, 4, 39, '2021-01-04 16:32:15'),
(2193, 4, 6, '2021-01-04 16:32:19'),
(2194, 4, 20, '2021-01-04 16:32:21'),
(2195, 4, 26, '2021-01-04 16:32:26'),
(2196, 4, 24, '2021-01-04 16:32:28'),
(2197, 4, 24, '2021-01-04 16:32:53'),
(2198, 4, 26, '2021-01-04 16:32:54'),
(2199, 4, 20, '2021-01-04 16:32:56'),
(2200, 4, 46, '2021-01-04 16:33:02'),
(2201, 4, 46, '2021-01-04 16:33:13'),
(2202, 4, 24, '2021-01-04 16:41:04'),
(2203, 1, 1, '2021-01-06 22:59:01'),
(2204, 1, 2, '2021-01-06 23:22:10'),
(2205, 4, 1, '2021-01-08 13:52:04'),
(2206, 4, 46, '2021-01-08 13:52:07'),
(2207, 4, 46, '2021-01-08 13:52:09'),
(2208, 4, 46, '2021-01-08 13:58:58'),
(2209, 4, 21, '2021-01-08 14:19:12'),
(2210, 4, 24, '2021-01-08 14:19:18'),
(2211, 4, 26, '2021-01-08 14:19:24'),
(2212, 4, 20, '2021-01-08 14:19:25'),
(2213, 4, 6, '2021-01-08 14:19:28'),
(2214, 4, 46, '2021-01-08 14:19:41'),
(2215, 4, 6, '2021-01-08 14:19:54'),
(2216, 4, 20, '2021-01-08 14:19:55'),
(2217, 4, 26, '2021-01-08 14:19:57'),
(2218, 4, 24, '2021-01-08 14:19:59'),
(2219, 4, 24, '2021-01-08 15:17:27'),
(2220, 4, 24, '2021-01-08 15:17:28'),
(2221, 4, 24, '2021-01-08 15:17:28'),
(2222, 4, 24, '2021-01-08 15:17:30'),
(2223, 4, 24, '2021-01-08 15:17:31'),
(2224, 4, 34, '2021-01-08 15:18:32'),
(2225, 4, 26, '2021-01-08 15:18:32'),
(2230, 4, 1, '2021-01-08 17:04:51'),
(2231, 4, 26, '2021-01-08 17:04:53'),
(2232, 4, 24, '2021-01-08 17:04:54'),
(2233, 4, 34, '2021-01-08 17:05:27'),
(2234, 4, 26, '2021-01-08 17:05:28'),
(2235, 4, 24, '2021-01-08 17:05:36'),
(2236, 4, 34, '2021-01-08 17:06:28'),
(2237, 4, 26, '2021-01-08 17:06:28'),
(2238, 4, 24, '2021-01-08 17:06:47'),
(2239, 4, 34, '2021-01-08 17:06:54'),
(2240, 4, 26, '2021-01-08 17:06:55'),
(2241, 4, 24, '2021-01-08 17:07:54'),
(2242, 4, 34, '2021-01-08 17:08:12'),
(2243, 4, 26, '2021-01-08 17:08:13'),
(2244, 4, 24, '2021-01-08 17:10:16'),
(2245, 4, 34, '2021-01-08 17:10:30'),
(2246, 4, 24, '2021-01-08 17:12:09'),
(2247, 4, 34, '2021-01-08 17:12:12'),
(2248, 4, 26, '2021-01-08 17:12:13'),
(2249, 4, 24, '2021-01-08 17:12:35'),
(2250, 4, 34, '2021-01-08 17:12:37'),
(2251, 4, 26, '2021-01-08 17:12:37'),
(2252, 4, 26, '2021-01-08 17:13:50'),
(2253, 4, 26, '2021-01-08 17:13:51'),
(2254, 4, 26, '2021-01-08 17:13:51'),
(2255, 4, 24, '2021-01-08 17:13:58'),
(2256, 4, 24, '2021-01-08 17:14:04'),
(2257, 4, 24, '2021-01-08 17:16:03'),
(2258, 4, 24, '2021-01-08 17:16:42'),
(2259, 4, 24, '2021-01-08 17:18:19'),
(2260, 4, 24, '2021-01-08 17:18:20'),
(2261, 4, 24, '2021-01-08 17:18:22'),
(2262, 4, 24, '2021-01-08 17:19:49'),
(2263, 4, 6, '2021-01-08 18:00:26'),
(2264, 4, 24, '2021-01-08 18:16:14'),
(2265, 4, 21, '2021-01-08 18:16:14'),
(2266, 4, 24, '2021-01-08 18:16:19'),
(2267, 4, 21, '2021-01-08 18:16:20'),
(2268, 4, 24, '2021-01-08 18:16:21'),
(2269, 4, 21, '2021-01-08 18:16:22'),
(2270, 4, 29, '2021-01-08 18:16:23'),
(2271, 4, 29, '2021-01-08 18:16:44'),
(2272, 4, 29, '2021-01-08 18:16:51'),
(2273, 4, 29, '2021-01-08 18:16:57'),
(2274, 4, 29, '2021-01-08 18:17:02'),
(2275, 4, 29, '2021-01-08 18:17:08'),
(2276, 4, 29, '2021-01-08 18:17:13'),
(2277, 4, 29, '2021-01-08 18:17:18'),
(2278, 4, 29, '2021-01-08 18:17:18'),
(2279, 4, 29, '2021-01-08 18:17:19'),
(2280, 4, 29, '2021-01-08 18:17:20'),
(2281, 4, 29, '2021-01-08 18:17:20'),
(2282, 4, 29, '2021-01-08 18:17:20'),
(2283, 4, 21, '2021-01-08 18:17:21'),
(2284, 4, 20, '2021-01-08 18:17:22'),
(2285, 4, 26, '2021-01-08 18:17:23'),
(2286, 4, 27, '2021-01-08 18:17:26'),
(2287, 4, 26, '2021-01-08 18:17:27'),
(2288, 4, 27, '2021-01-08 18:17:28'),
(2289, 4, 26, '2021-01-08 18:17:31'),
(2290, 4, 24, '2021-01-08 18:17:33'),
(2291, 4, 26, '2021-01-08 18:17:33'),
(2292, 4, 27, '2021-01-08 18:17:35'),
(2293, 4, 26, '2021-01-08 18:17:37'),
(2294, 4, 27, '2021-01-08 18:17:37'),
(2295, 4, 26, '2021-01-08 18:17:40'),
(2296, 4, 27, '2021-01-08 18:17:41'),
(2297, 4, 26, '2021-01-08 18:17:42'),
(2298, 4, 27, '2021-01-08 18:17:43'),
(2299, 4, 26, '2021-01-08 18:17:44'),
(2300, 4, 27, '2021-01-08 18:17:45'),
(2301, 4, 26, '2021-01-08 18:17:46'),
(2302, 4, 27, '2021-01-08 18:17:48'),
(2303, 4, 26, '2021-01-08 18:17:48'),
(2304, 4, 21, '2021-01-08 18:18:59'),
(2305, 4, 29, '2021-01-08 18:19:01'),
(2306, 4, 21, '2021-01-08 18:19:02'),
(2307, 4, 26, '2021-01-08 18:19:03'),
(2308, 4, 26, '2021-01-08 18:20:48'),
(2309, 4, 26, '2021-01-08 18:20:49'),
(2310, 4, 27, '2021-01-08 18:20:56'),
(2311, 4, 27, '2021-01-08 20:42:09'),
(2312, 4, 21, '2021-01-09 10:14:04'),
(2313, 4, 2, '2021-01-09 10:14:06'),
(2314, 1, 1, '2021-01-09 10:14:13'),
(2315, 1, 3, '2021-01-09 10:14:17'),
(2316, 1, 26, '2021-01-09 10:14:30'),
(2317, 1, 39, '2021-01-09 10:14:33'),
(2318, 1, 2, '2021-01-09 10:14:43'),
(2319, 1, 1, '2021-01-09 10:33:38'),
(2320, 1, 24, '2021-01-09 10:33:40'),
(2321, 1, 3, '2021-01-09 10:33:44'),
(2322, 1, 24, '2021-01-09 10:33:44'),
(2323, 1, 24, '2021-01-09 10:33:53'),
(2324, 1, 3, '2021-01-09 10:33:54'),
(2325, 1, 26, '2021-01-09 10:33:55'),
(2326, 1, 3, '2021-01-09 10:34:03'),
(2327, 1, 39, '2021-01-09 10:34:06'),
(2328, 1, 24, '2021-01-09 10:34:07'),
(2329, 1, 3, '2021-01-09 10:34:08'),
(2330, 1, 2, '2021-01-09 10:43:21'),
(2331, 4, 1, '2021-01-09 10:43:25'),
(2332, 4, 26, '2021-01-09 11:07:52'),
(2333, 4, 24, '2021-01-09 11:08:34'),
(2334, 4, 21, '2021-01-09 11:08:34'),
(2335, 4, 20, '2021-01-09 11:08:35'),
(2336, 4, 6, '2021-01-09 11:08:38'),
(2337, 4, 2, '2021-01-09 11:08:41'),
(2338, 3, 1, '2021-01-09 11:08:46'),
(2339, 3, 30, '2021-01-09 11:08:47'),
(2340, 3, 32, '2021-01-09 11:08:49'),
(2341, 3, 32, '2021-01-09 11:11:59'),
(2342, 3, 32, '2021-01-09 11:13:33'),
(2343, 3, 32, '2021-01-09 11:13:34'),
(2344, 3, 32, '2021-01-09 11:13:53'),
(2345, 3, 32, '2021-01-09 11:14:19'),
(2346, 3, 32, '2021-01-09 11:14:39'),
(2347, 3, 32, '2021-01-09 11:14:40'),
(2348, 3, 32, '2021-01-09 11:14:41'),
(2349, 3, 32, '2021-01-09 11:15:01'),
(2350, 3, 32, '2021-01-09 11:16:00'),
(2351, 3, 32, '2021-01-09 11:16:07'),
(2352, 3, 32, '2021-01-09 11:16:39'),
(2353, 3, 32, '2021-01-09 11:17:18'),
(2354, 3, 32, '2021-01-09 11:17:26'),
(2355, 3, 2, '2021-01-09 11:18:13'),
(2356, 4, 1, '2021-01-09 11:18:18'),
(2357, 4, 26, '2021-01-09 11:18:20'),
(2358, 4, 21, '2021-01-09 11:18:21'),
(2359, 4, 29, '2021-01-09 11:18:22'),
(2360, 4, 21, '2021-01-09 11:18:23'),
(2361, 4, 29, '2021-01-09 11:18:24'),
(2362, 4, 32, '2021-01-09 11:18:25'),
(2363, 4, 29, '2021-01-09 11:18:29'),
(2364, 4, 2, '2021-01-09 11:18:36'),
(2365, 3, 1, '2021-01-09 11:18:40'),
(2366, 3, 30, '2021-01-09 11:18:42'),
(2367, 3, 32, '2021-01-09 11:18:43'),
(2370, 4, 1, '2021-01-09 11:36:41'),
(2371, 4, 2, '2021-01-09 11:36:46'),
(2372, 3, 1, '2021-01-09 11:36:51'),
(2373, 3, 39, '2021-01-09 11:36:52'),
(2374, 3, 30, '2021-01-09 11:36:53'),
(2375, 3, 32, '2021-01-09 11:36:54'),
(2376, 3, 32, '2021-01-09 11:37:50'),
(2377, 3, 32, '2021-01-09 11:42:48'),
(2378, 3, 32, '2021-01-09 11:47:32'),
(2379, 3, 32, '2021-01-09 11:47:49'),
(2380, 3, 32, '2021-01-09 11:50:05'),
(2381, 3, 32, '2021-01-09 11:50:06'),
(2382, 3, 32, '2021-01-09 11:50:31'),
(2383, 3, 32, '2021-01-09 11:50:41'),
(2384, 3, 32, '2021-01-09 11:50:48'),
(2385, 3, 32, '2021-01-09 11:50:55'),
(2386, 3, 32, '2021-01-09 11:51:01'),
(2387, 3, 32, '2021-01-09 11:51:05'),
(2388, 3, 32, '2021-01-09 11:51:22'),
(2389, 3, 32, '2021-01-09 11:51:29'),
(2390, 3, 32, '2021-01-09 11:51:33'),
(2391, 3, 32, '2021-01-09 11:51:36'),
(2392, 3, 32, '2021-01-09 11:51:44'),
(2393, 3, 32, '2021-01-09 11:51:49'),
(2394, 3, 32, '2021-01-09 11:52:04'),
(2395, 3, 32, '2021-01-09 11:53:21'),
(2396, 3, 32, '2021-01-09 11:53:59'),
(2397, 3, 32, '2021-01-09 11:53:59'),
(2398, 3, 32, '2021-01-09 11:54:12'),
(2399, 3, 32, '2021-01-09 12:05:00'),
(2400, 3, 32, '2021-01-09 12:05:29'),
(2401, 3, 32, '2021-01-09 12:05:29'),
(2402, 3, 32, '2021-01-09 12:06:49'),
(2403, 3, 32, '2021-01-09 12:06:58'),
(2404, 3, 32, '2021-01-09 12:08:15'),
(2405, 3, 32, '2021-01-09 12:08:16'),
(2406, 3, 32, '2021-01-09 12:08:24'),
(2407, 3, 32, '2021-01-09 12:08:31'),
(2408, 3, 32, '2021-01-09 12:08:43'),
(2409, 3, 32, '2021-01-09 12:08:56'),
(2410, 3, 32, '2021-01-09 12:09:08'),
(2411, 3, 32, '2021-01-09 12:09:15'),
(2412, 3, 32, '2021-01-09 12:09:19'),
(2413, 3, 32, '2021-01-09 12:09:28'),
(2414, 3, 32, '2021-01-09 12:09:54'),
(2415, 3, 32, '2021-01-09 12:09:57'),
(2416, 3, 32, '2021-01-09 12:10:12'),
(2417, 3, 32, '2021-01-09 12:10:24'),
(2418, 3, 32, '2021-01-09 12:10:25'),
(2419, 3, 32, '2021-01-09 12:10:37'),
(2420, 3, 32, '2021-01-09 12:10:42'),
(2421, 3, 32, '2021-01-09 12:10:52'),
(2422, 3, 32, '2021-01-09 12:10:59'),
(2423, 3, 32, '2021-01-09 12:11:08'),
(2424, 3, 32, '2021-01-09 12:11:22'),
(2425, 3, 32, '2021-01-09 12:11:39'),
(2426, 3, 32, '2021-01-09 12:11:43'),
(2427, 3, 32, '2021-01-09 12:11:51'),
(2428, 3, 32, '2021-01-09 12:12:11'),
(2429, 3, 32, '2021-01-09 12:12:20'),
(2430, 3, 32, '2021-01-09 12:12:37'),
(2431, 3, 32, '2021-01-09 12:12:49'),
(2432, 3, 32, '2021-01-09 12:12:58'),
(2433, 3, 32, '2021-01-09 12:13:03'),
(2434, 3, 32, '2021-01-09 12:13:21'),
(2435, 3, 32, '2021-01-09 12:14:22'),
(2436, 3, 32, '2021-01-09 12:15:05'),
(2437, 3, 32, '2021-01-09 12:15:11'),
(2438, 3, 32, '2021-01-09 12:15:24'),
(2439, 3, 32, '2021-01-09 12:15:42'),
(2440, 3, 32, '2021-01-09 12:15:50'),
(2441, 3, 32, '2021-01-09 12:15:58'),
(2442, 3, 32, '2021-01-09 12:16:05'),
(2443, 3, 32, '2021-01-09 12:16:09'),
(2444, 3, 32, '2021-01-09 12:16:18'),
(2445, 3, 32, '2021-01-09 12:16:30'),
(2446, 3, 32, '2021-01-09 12:16:34'),
(2447, 3, 32, '2021-01-09 12:16:38'),
(2448, 3, 32, '2021-01-09 12:17:05'),
(2449, 3, 32, '2021-01-09 12:17:12'),
(2450, 3, 32, '2021-01-09 12:17:21'),
(2451, 3, 32, '2021-01-09 12:17:39'),
(2452, 3, 32, '2021-01-09 12:18:04'),
(2453, 3, 32, '2021-01-09 12:18:05'),
(2454, 3, 32, '2021-01-09 12:18:11'),
(2455, 3, 32, '2021-01-09 12:18:20'),
(2456, 3, 32, '2021-01-09 12:18:36'),
(2457, 3, 32, '2021-01-09 12:18:50'),
(2458, 3, 32, '2021-01-09 12:20:20'),
(2459, 3, 32, '2021-01-09 12:21:09'),
(2460, 3, 32, '2021-01-09 12:21:33'),
(2461, 3, 32, '2021-01-09 12:21:33'),
(2462, 3, 32, '2021-01-09 12:21:52'),
(2463, 3, 32, '2021-01-09 12:22:09'),
(2464, 3, 32, '2021-01-09 12:22:53'),
(2465, 3, 32, '2021-01-09 12:22:54'),
(2466, 3, 32, '2021-01-09 12:23:21'),
(2467, 3, 32, '2021-01-09 12:23:25'),
(2468, 3, 32, '2021-01-09 12:23:31'),
(2469, 3, 32, '2021-01-09 12:23:59'),
(2470, 3, 32, '2021-01-09 12:24:06'),
(2471, 3, 32, '2021-01-09 12:24:18'),
(2472, 3, 32, '2021-01-09 12:24:23'),
(2473, 3, 32, '2021-01-09 12:24:33'),
(2474, 3, 32, '2021-01-09 12:24:43'),
(2475, 3, 32, '2021-01-09 12:24:52'),
(2476, 3, 32, '2021-01-09 12:24:52'),
(2477, 3, 32, '2021-01-09 12:25:06'),
(2478, 3, 32, '2021-01-09 12:25:12'),
(2479, 3, 32, '2021-01-09 12:25:16'),
(2480, 3, 32, '2021-01-09 12:25:31'),
(2481, 3, 32, '2021-01-09 12:25:46'),
(2482, 3, 32, '2021-01-09 12:25:50'),
(2483, 3, 32, '2021-01-09 12:25:54'),
(2484, 3, 32, '2021-01-09 12:25:59'),
(2485, 3, 32, '2021-01-09 12:26:17'),
(2486, 3, 32, '2021-01-09 12:26:22'),
(2487, 3, 32, '2021-01-09 12:26:27'),
(2488, 3, 32, '2021-01-09 12:26:30'),
(2489, 3, 32, '2021-01-09 12:26:37'),
(2490, 3, 32, '2021-01-09 12:26:43'),
(2491, 3, 32, '2021-01-09 12:26:51'),
(2492, 3, 32, '2021-01-09 12:27:05'),
(2493, 3, 32, '2021-01-09 12:27:11'),
(2494, 3, 32, '2021-01-09 12:27:33'),
(2495, 3, 32, '2021-01-09 12:27:39'),
(2496, 3, 32, '2021-01-09 12:27:57'),
(2497, 3, 32, '2021-01-09 12:28:15'),
(2498, 3, 32, '2021-01-09 12:28:20'),
(2499, 3, 32, '2021-01-09 12:28:25'),
(2500, 3, 32, '2021-01-09 12:28:33'),
(2501, 3, 32, '2021-01-09 12:28:40'),
(2502, 3, 32, '2021-01-09 12:28:47'),
(2503, 3, 32, '2021-01-09 12:28:52'),
(2504, 3, 32, '2021-01-09 12:28:58'),
(2505, 3, 32, '2021-01-09 12:29:03'),
(2506, 3, 32, '2021-01-09 12:29:03'),
(2507, 3, 32, '2021-01-09 12:29:19'),
(2508, 3, 32, '2021-01-09 12:29:28'),
(2509, 3, 32, '2021-01-09 12:29:36'),
(2510, 3, 32, '2021-01-09 12:29:51'),
(2511, 3, 32, '2021-01-09 12:29:58'),
(2512, 3, 32, '2021-01-09 12:30:05'),
(2513, 3, 32, '2021-01-09 12:30:09'),
(2514, 3, 32, '2021-01-09 12:30:13'),
(2515, 3, 32, '2021-01-09 12:30:16'),
(2516, 3, 32, '2021-01-09 12:30:21'),
(2517, 3, 32, '2021-01-09 12:30:44'),
(2518, 3, 32, '2021-01-09 12:30:51'),
(2519, 3, 32, '2021-01-09 12:31:00'),
(2520, 3, 32, '2021-01-09 12:31:06'),
(2521, 3, 32, '2021-01-09 12:31:11'),
(2522, 3, 32, '2021-01-09 12:31:21'),
(2523, 3, 32, '2021-01-09 12:31:26'),
(2524, 3, 32, '2021-01-09 12:31:29'),
(2525, 3, 32, '2021-01-09 12:31:36'),
(2526, 3, 32, '2021-01-09 12:31:42'),
(2527, 3, 32, '2021-01-09 12:31:46'),
(2528, 3, 32, '2021-01-09 12:31:56'),
(2529, 3, 32, '2021-01-09 12:32:02'),
(2530, 3, 32, '2021-01-09 12:32:23'),
(2531, 3, 32, '2021-01-09 12:32:31'),
(2532, 3, 32, '2021-01-09 12:32:41'),
(2533, 3, 32, '2021-01-09 12:32:47'),
(2534, 3, 32, '2021-01-09 12:32:56'),
(2535, 3, 32, '2021-01-09 12:33:03'),
(2536, 3, 32, '2021-01-09 12:33:09'),
(2537, 3, 32, '2021-01-09 12:33:24'),
(2538, 3, 32, '2021-01-09 12:33:27'),
(2539, 3, 32, '2021-01-09 12:33:31'),
(2540, 3, 32, '2021-01-09 12:33:34'),
(2541, 3, 32, '2021-01-09 12:33:35'),
(2542, 3, 32, '2021-01-09 12:33:39'),
(2543, 3, 32, '2021-01-09 12:33:44'),
(2544, 3, 32, '2021-01-09 12:33:48'),
(2545, 3, 32, '2021-01-09 12:33:52'),
(2546, 3, 32, '2021-01-09 12:34:02'),
(2547, 3, 32, '2021-01-09 12:34:17'),
(2548, 3, 32, '2021-01-09 12:34:24'),
(2549, 3, 32, '2021-01-09 12:34:39'),
(2550, 3, 32, '2021-01-09 12:34:55'),
(2551, 3, 32, '2021-01-09 12:34:59'),
(2552, 3, 32, '2021-01-09 12:35:03'),
(2553, 3, 32, '2021-01-09 12:35:08'),
(2554, 3, 32, '2021-01-09 12:35:17'),
(2555, 3, 32, '2021-01-09 12:35:18'),
(2556, 3, 32, '2021-01-09 12:35:18'),
(2557, 3, 32, '2021-01-09 12:35:53'),
(2558, 3, 36, '2021-01-09 12:36:13'),
(2559, 3, 32, '2021-01-09 12:36:14'),
(2560, 3, 30, '2021-01-09 12:38:30'),
(2561, 3, 32, '2021-01-09 12:38:31'),
(2562, 3, 36, '2021-01-09 12:38:36'),
(2563, 3, 32, '2021-01-09 12:38:36'),
(2564, 3, 32, '2021-01-09 12:38:51'),
(2565, 3, 32, '2021-01-09 12:40:41'),
(2566, 3, 32, '2021-01-09 12:44:22'),
(2567, 3, 32, '2021-01-09 12:44:55'),
(2568, 3, 30, '2021-01-09 12:54:48'),
(2569, 3, 32, '2021-01-09 12:54:49'),
(2570, 3, 32, '2021-01-09 12:56:59'),
(2571, 3, 39, '2021-01-09 13:59:52'),
(2572, 3, 24, '2021-01-09 13:59:54'),
(2573, 3, 26, '2021-01-09 13:59:55'),
(2574, 3, 30, '2021-01-09 13:59:57'),
(2575, 3, 2, '2021-01-09 13:59:58'),
(2576, 4, 1, '2021-01-09 14:00:01'),
(2577, 4, 26, '2021-01-09 14:00:03'),
(2578, 4, 27, '2021-01-09 14:00:08'),
(2579, 4, 26, '2021-01-09 14:00:10'),
(2580, 4, 20, '2021-01-09 14:00:16'),
(2581, 4, 21, '2021-01-09 14:00:17'),
(2582, 4, 29, '2021-01-09 14:00:23'),
(2583, 4, 37, '2021-01-09 14:00:25'),
(2584, 4, 29, '2021-01-09 14:00:26'),
(2585, 4, 26, '2021-01-09 14:00:27'),
(2586, 4, 27, '2021-01-09 14:00:28'),
(2587, 4, 26, '2021-01-09 14:00:33'),
(2588, 4, 27, '2021-01-09 14:00:36'),
(2589, 4, 26, '2021-01-09 14:00:39'),
(2590, 4, 27, '2021-01-09 14:00:40'),
(2591, 4, 27, '2021-01-09 14:00:44'),
(2592, 4, 27, '2021-01-09 14:00:47'),
(2593, 4, 26, '2021-01-09 14:00:48'),
(2594, 4, 2, '2021-01-09 16:15:22'),
(2595, 3, 1, '2021-01-09 16:15:28'),
(2596, 3, 30, '2021-01-09 16:15:31'),
(2597, 3, 32, '2021-01-09 16:15:33'),
(2598, 3, 32, '2021-01-09 16:17:33'),
(2599, 3, 32, '2021-01-09 16:17:51'),
(2600, 3, 32, '2021-01-09 16:17:51'),
(2601, 3, 32, '2021-01-09 16:17:58'),
(2602, 3, 32, '2021-01-09 16:18:00'),
(2603, 3, 32, '2021-01-09 16:18:04'),
(2604, 3, 32, '2021-01-09 16:18:26'),
(2605, 3, 32, '2021-01-09 16:18:35'),
(2606, 3, 32, '2021-01-09 16:18:36'),
(2607, 3, 32, '2021-01-09 16:18:53'),
(2608, 3, 32, '2021-01-09 16:18:57'),
(2609, 3, 32, '2021-01-09 16:19:00'),
(2610, 3, 32, '2021-01-09 16:19:13'),
(2611, 3, 32, '2021-01-09 16:19:25'),
(2612, 3, 32, '2021-01-09 16:19:33'),
(2613, 3, 32, '2021-01-09 16:19:38'),
(2614, 3, 32, '2021-01-09 16:23:00'),
(2615, 3, 32, '2021-01-09 16:23:12'),
(2616, 3, 32, '2021-01-09 16:23:20'),
(2617, 3, 32, '2021-01-09 16:23:20'),
(2618, 3, 32, '2021-01-09 16:23:44'),
(2619, 3, 32, '2021-01-09 16:23:44'),
(2620, 3, 32, '2021-01-09 16:23:48'),
(2621, 3, 32, '2021-01-09 16:24:01'),
(2622, 3, 32, '2021-01-09 16:24:18'),
(2623, 3, 32, '2021-01-09 16:24:37'),
(2624, 3, 32, '2021-01-09 16:24:37'),
(2625, 3, 32, '2021-01-09 16:24:37'),
(2626, 3, 32, '2021-01-09 16:24:50'),
(2627, 3, 32, '2021-01-09 16:24:50'),
(2628, 3, 32, '2021-01-09 16:25:01'),
(2629, 3, 32, '2021-01-09 16:25:02'),
(2630, 3, 32, '2021-01-09 16:25:05'),
(2631, 3, 32, '2021-01-09 16:25:09'),
(2632, 3, 32, '2021-01-09 16:25:12'),
(2633, 3, 32, '2021-01-09 16:25:14'),
(2634, 3, 32, '2021-01-09 16:25:17'),
(2635, 3, 32, '2021-01-09 16:25:49'),
(2636, 3, 32, '2021-01-09 16:25:51'),
(2637, 3, 32, '2021-01-09 16:25:58'),
(2638, 3, 32, '2021-01-09 16:26:12'),
(2639, 3, 32, '2021-01-09 16:26:13'),
(2640, 3, 32, '2021-01-09 16:26:13'),
(2641, 3, 32, '2021-01-09 16:26:25'),
(2642, 3, 32, '2021-01-09 16:26:55'),
(2643, 3, 32, '2021-01-09 16:27:18'),
(2644, 3, 32, '2021-01-09 16:27:32'),
(2645, 3, 32, '2021-01-09 16:27:36'),
(2646, 3, 32, '2021-01-09 16:27:37'),
(2647, 3, 32, '2021-01-09 16:27:39'),
(2648, 3, 32, '2021-01-09 16:27:40'),
(2649, 3, 32, '2021-01-09 16:27:47'),
(2650, 3, 32, '2021-01-09 16:27:51'),
(2651, 3, 32, '2021-01-09 16:27:57'),
(2652, 3, 32, '2021-01-09 16:28:06'),
(2653, 3, 32, '2021-01-09 16:28:15'),
(2654, 3, 32, '2021-01-09 16:28:20'),
(2655, 3, 32, '2021-01-09 16:28:24'),
(2656, 3, 32, '2021-01-09 16:28:28'),
(2657, 3, 32, '2021-01-09 16:28:36'),
(2658, 3, 32, '2021-01-09 16:28:39'),
(2659, 3, 32, '2021-01-09 16:28:47'),
(2660, 3, 32, '2021-01-09 16:28:48'),
(2661, 3, 32, '2021-01-09 16:28:48'),
(2662, 3, 32, '2021-01-09 16:28:49'),
(2663, 3, 32, '2021-01-09 16:28:50'),
(2664, 3, 32, '2021-01-09 16:28:54'),
(2665, 3, 32, '2021-01-09 16:29:02'),
(2666, 3, 32, '2021-01-09 16:29:09'),
(2667, 3, 32, '2021-01-09 16:29:14'),
(2668, 3, 32, '2021-01-09 16:29:17'),
(2669, 3, 32, '2021-01-09 16:29:25'),
(2670, 3, 32, '2021-01-09 16:29:50'),
(2671, 3, 32, '2021-01-09 16:29:51'),
(2672, 3, 32, '2021-01-09 16:30:00'),
(2673, 3, 32, '2021-01-09 16:30:08'),
(2674, 3, 32, '2021-01-09 16:30:52'),
(2675, 3, 32, '2021-01-09 16:30:52'),
(2676, 3, 32, '2021-01-09 16:31:01'),
(2677, 3, 32, '2021-01-09 16:31:13'),
(2678, 3, 32, '2021-01-09 16:31:16'),
(2679, 3, 32, '2021-01-09 16:31:19'),
(2680, 3, 30, '2021-01-09 16:32:14'),
(2681, 3, 32, '2021-01-09 16:32:15'),
(2682, 3, 26, '2021-01-09 16:32:16'),
(2683, 3, 32, '2021-01-09 16:32:17'),
(2684, 3, 2, '2021-01-09 16:32:19'),
(2685, 4, 1, '2021-01-09 16:32:23'),
(2686, 4, 24, '2021-01-09 16:32:24'),
(2687, 4, 21, '2021-01-09 16:32:25'),
(2688, 4, 24, '2021-01-09 16:32:26'),
(2689, 4, 2, '2021-01-09 16:32:27'),
(2690, 3, 1, '2021-01-09 16:32:31'),
(2691, 3, 30, '2021-01-09 16:32:32'),
(2692, 3, 32, '2021-01-09 16:32:33'),
(2693, 3, 32, '2021-01-09 16:37:17'),
(2694, 3, 30, '2021-01-09 16:37:19'),
(2695, 3, 2, '2021-01-09 16:37:21'),
(2696, 4, 1, '2021-01-09 16:37:25'),
(2697, 4, 21, '2021-01-09 16:37:27'),
(2698, 4, 29, '2021-01-09 16:37:29'),
(2699, 4, 37, '2021-01-09 16:37:32'),
(2700, 4, 29, '2021-01-09 16:37:33'),
(2701, 4, 2, '2021-01-09 16:37:40'),
(2702, 3, 1, '2021-01-09 16:37:44'),
(2703, 3, 30, '2021-01-09 16:37:46'),
(2704, 3, 32, '2021-01-09 16:37:50'),
(2705, 3, 30, '2021-01-09 16:37:51'),
(2706, 3, 32, '2021-01-09 16:37:52'),
(2707, 3, 30, '2021-01-09 16:37:53'),
(2708, 3, 32, '2021-01-09 16:37:54'),
(2709, 3, 32, '2021-01-09 16:39:06'),
(2710, 3, 32, '2021-01-09 16:40:08'),
(2711, 3, 32, '2021-01-09 16:40:14'),
(2712, 3, 24, '2021-01-09 16:40:32'),
(2713, 3, 32, '2021-01-09 16:40:45'),
(2714, 3, 30, '2021-01-09 16:40:57'),
(2715, 3, 26, '2021-01-09 16:40:58'),
(2716, 3, 24, '2021-01-09 16:40:59'),
(2717, 3, 30, '2021-01-09 16:41:03'),
(2718, 3, 24, '2021-01-09 16:41:09'),
(2719, 3, 26, '2021-01-09 16:41:17'),
(2720, 3, 30, '2021-01-09 16:41:18'),
(2721, 3, 32, '2021-01-09 16:41:20'),
(2722, 3, 30, '2021-01-09 16:41:20'),
(2723, 3, 32, '2021-01-09 16:41:21'),
(2724, 3, 32, '2021-01-09 16:42:03'),
(2725, 3, 32, '2021-01-09 16:42:03'),
(2726, 3, 32, '2021-01-09 16:42:08'),
(2727, 3, 32, '2021-01-09 16:42:09'),
(2728, 3, 32, '2021-01-09 16:42:20'),
(2729, 3, 32, '2021-01-09 16:42:22'),
(2730, 3, 32, '2021-01-09 16:42:23'),
(2731, 3, 32, '2021-01-09 16:42:43'),
(2732, 3, 32, '2021-01-09 16:42:44'),
(2733, 3, 32, '2021-01-09 16:42:46'),
(2734, 3, 32, '2021-01-09 16:43:29'),
(2735, 3, 32, '2021-01-09 16:43:34'),
(2736, 3, 32, '2021-01-09 16:43:51'),
(2737, 3, 32, '2021-01-09 16:43:59'),
(2738, 3, 32, '2021-01-09 16:43:59'),
(2739, 3, 32, '2021-01-09 16:44:00'),
(2740, 3, 32, '2021-01-09 16:44:03'),
(2741, 3, 32, '2021-01-09 16:44:03'),
(2742, 3, 32, '2021-01-09 16:44:04'),
(2743, 3, 32, '2021-01-09 16:44:05'),
(2744, 3, 32, '2021-01-09 16:44:06'),
(2745, 3, 32, '2021-01-09 16:44:19'),
(2746, 3, 32, '2021-01-09 16:44:22'),
(2747, 3, 32, '2021-01-09 16:44:23'),
(2748, 3, 32, '2021-01-09 16:44:24'),
(2749, 3, 32, '2021-01-09 16:44:30'),
(2750, 3, 32, '2021-01-09 16:44:31'),
(2751, 3, 32, '2021-01-09 16:44:32'),
(2752, 3, 32, '2021-01-09 16:44:32'),
(2753, 3, 32, '2021-01-09 16:44:32'),
(2754, 3, 32, '2021-01-09 16:46:37'),
(2755, 3, 32, '2021-01-09 16:46:40'),
(2756, 3, 32, '2021-01-09 16:46:55'),
(2757, 3, 32, '2021-01-09 16:47:32'),
(2758, 3, 32, '2021-01-09 16:48:08'),
(2759, 3, 32, '2021-01-09 16:49:00'),
(2760, 3, 2, '2021-01-09 16:49:08'),
(2761, 1, 1, '2021-01-09 16:49:12'),
(2762, 1, 24, '2021-01-09 16:49:13'),
(2763, 1, 24, '2021-01-09 16:49:22'),
(2764, 1, 34, '2021-01-09 16:51:03'),
(2765, 1, 26, '2021-01-09 16:51:04'),
(2766, 1, 25, '2021-01-09 16:51:07'),
(2767, 1, 26, '2021-01-09 16:51:12'),
(2768, 1, 23, '2021-01-09 16:51:14'),
(2769, 1, 26, '2021-01-09 16:51:14'),
(2770, 1, 24, '2021-01-09 16:51:16'),
(2771, 1, 34, '2021-01-09 16:51:46'),
(2772, 1, 26, '2021-01-09 16:51:47'),
(2773, 1, 2, '2021-01-09 16:51:51'),
(2774, 4, 1, '2021-01-09 16:51:54'),
(2775, 4, 21, '2021-01-09 16:51:55'),
(2776, 4, 29, '2021-01-09 16:51:57'),
(2777, 4, 37, '2021-01-09 16:51:59'),
(2778, 4, 29, '2021-01-09 16:51:59'),
(2779, 4, 2, '2021-01-09 16:52:02'),
(2780, 3, 1, '2021-01-09 16:52:05'),
(2781, 3, 26, '2021-01-09 16:52:07'),
(2782, 3, 24, '2021-01-09 16:52:08'),
(2783, 3, 30, '2021-01-09 16:52:09'),
(2784, 3, 32, '2021-01-09 16:52:11'),
(2785, 3, 30, '2021-01-09 17:13:58'),
(2786, 3, 2, '2021-01-09 17:14:01'),
(2787, 2, 1, '2021-01-09 17:14:07'),
(2788, 2, 24, '2021-01-09 17:14:09'),
(2789, 2, 34, '2021-01-09 17:14:34'),
(2790, 2, 26, '2021-01-09 17:14:36'),
(2791, 2, 2, '2021-01-09 17:14:44'),
(2792, 4, 1, '2021-01-09 17:14:48'),
(2793, 4, 24, '2021-01-09 17:14:58'),
(2794, 4, 21, '2021-01-09 17:15:00'),
(2795, 4, 29, '2021-01-09 17:15:02'),
(2796, 4, 37, '2021-01-09 17:15:05'),
(2797, 4, 29, '2021-01-09 17:15:06'),
(2798, 4, 2, '2021-01-09 17:15:07'),
(2799, 3, 1, '2021-01-09 17:15:10'),
(2800, 3, 30, '2021-01-09 17:15:11'),
(2801, 3, 32, '2021-01-09 17:15:13'),
(2802, 3, 2, '2021-01-09 17:16:23'),
(2803, 2, 1, '2021-01-09 17:16:27'),
(2804, 2, 24, '2021-01-09 17:16:28'),
(2805, 2, 34, '2021-01-09 17:16:55'),
(2806, 2, 26, '2021-01-09 17:16:56'),
(2807, 2, 24, '2021-01-09 17:16:57'),
(2808, 2, 34, '2021-01-09 17:17:25'),
(2809, 2, 26, '2021-01-09 17:17:26'),
(2810, 2, 24, '2021-01-09 17:17:54'),
(2811, 2, 34, '2021-01-09 17:17:56'),
(2812, 2, 34, '2021-01-09 17:18:59'),
(2813, 2, 34, '2021-01-09 17:19:51'),
(2814, 2, 24, '2021-01-09 17:21:57'),
(2815, 2, 34, '2021-01-09 17:22:05'),
(2816, 2, 26, '2021-01-09 17:22:06'),
(2817, 2, 24, '2021-01-09 17:22:26'),
(2818, 2, 34, '2021-01-09 17:22:29'),
(2819, 2, 24, '2021-01-09 17:24:27'),
(2820, 2, 2, '2021-01-09 17:24:29'),
(2821, 4, 1, '2021-01-09 17:24:40'),
(2822, 4, 21, '2021-01-09 17:24:43'),
(2823, 4, 29, '2021-01-09 17:24:46'),
(2824, 4, 37, '2021-01-09 17:24:48'),
(2825, 4, 29, '2021-01-09 17:24:49'),
(2826, 4, 2, '2021-01-09 17:24:50'),
(2827, 3, 1, '2021-01-09 17:24:57'),
(2828, 3, 30, '2021-01-09 17:24:58'),
(2829, 3, 32, '2021-01-09 17:25:00'),
(2831, 3, 1, '2021-01-09 17:29:04'),
(2832, 3, 2, '2021-01-09 17:29:07'),
(2833, 4, 1, '2021-01-09 17:29:13'),
(2834, 4, 26, '2021-01-09 17:29:14'),
(2835, 4, 21, '2021-01-09 17:29:16'),
(2836, 4, 2, '2021-01-09 17:29:36'),
(2837, 1, 1, '2021-01-09 17:29:44'),
(2838, 1, 24, '2021-01-09 17:29:47'),
(2839, 1, 26, '2021-01-09 17:29:48'),
(2840, 1, 24, '2021-01-09 17:35:46'),
(2841, 1, 3, '2021-01-09 17:35:48'),
(2842, 1, 26, '2021-01-09 17:35:49'),
(2843, 1, 26, '2021-01-09 17:55:29'),
(2844, 1, 24, '2021-01-09 17:55:30'),
(2845, 1, 26, '2021-01-09 17:55:31'),
(2846, 1, 26, '2021-01-09 17:55:32'),
(2847, 1, 26, '2021-01-09 18:05:22'),
(2848, 1, 26, '2021-01-09 18:10:06'),
(2849, 1, 26, '2021-01-09 18:10:07'),
(2850, 1, 26, '2021-01-09 18:10:41'),
(2851, 1, 26, '2021-01-09 18:10:42'),
(2852, 1, 26, '2021-01-09 18:10:42'),
(2853, 1, 26, '2021-01-09 18:12:39'),
(2854, 1, 26, '2021-01-09 18:12:51'),
(2855, 1, 26, '2021-01-09 18:12:52');
INSERT INTO `log` (`ID`, `UserID`, `FunctionID`, `DateTimeStamp`) VALUES
(2856, 1, 26, '2021-01-09 18:12:52'),
(2857, 1, 26, '2021-01-09 18:12:52'),
(2858, 1, 26, '2021-01-09 18:12:53'),
(2859, 1, 26, '2021-01-09 18:15:04'),
(2860, 1, 26, '2021-01-09 18:16:20'),
(2861, 1, 24, '2021-01-09 18:16:35'),
(2862, 1, 3, '2021-01-09 18:16:37'),
(2863, 1, 39, '2021-01-09 18:16:38'),
(2864, 1, 26, '2021-01-09 18:16:38'),
(2865, 1, 26, '2021-01-09 18:16:46'),
(2866, 1, 26, '2021-01-09 18:17:03'),
(2867, 1, 26, '2021-01-09 18:18:55'),
(2868, 1, 26, '2021-01-09 18:18:56'),
(2869, 1, 26, '2021-01-09 18:18:57'),
(2870, 1, 2, '2021-01-09 18:22:47'),
(2871, 4, 1, '2021-01-09 18:22:54'),
(2872, 4, 26, '2021-01-09 18:22:55'),
(2873, 4, 26, '2021-01-09 18:23:15'),
(2874, 4, 26, '2021-01-09 18:23:16'),
(2875, 4, 26, '2021-01-09 18:23:17'),
(2876, 4, 26, '2021-01-09 18:23:17'),
(2877, 4, 26, '2021-01-09 18:23:18'),
(2878, 4, 26, '2021-01-09 18:23:48'),
(2879, 4, 26, '2021-01-09 18:23:54'),
(2880, 4, 26, '2021-01-09 18:24:24'),
(2881, 4, 26, '2021-01-09 18:24:42'),
(2882, 4, 26, '2021-01-09 18:24:42'),
(2883, 4, 26, '2021-01-09 18:24:43'),
(2884, 4, 26, '2021-01-09 18:25:23'),
(2885, 4, 26, '2021-01-09 18:25:52'),
(2886, 4, 26, '2021-01-09 18:26:12'),
(2887, 4, 26, '2021-01-09 18:27:47'),
(2888, 4, 26, '2021-01-09 18:28:07'),
(2889, 4, 26, '2021-01-09 18:28:35'),
(2890, 4, 26, '2021-01-09 18:28:36'),
(2891, 4, 26, '2021-01-09 18:28:36'),
(2892, 4, 26, '2021-01-09 18:28:36'),
(2893, 4, 26, '2021-01-09 18:28:37'),
(2894, 4, 26, '2021-01-09 18:29:58'),
(2895, 4, 26, '2021-01-09 18:30:11'),
(2896, 4, 26, '2021-01-09 18:30:34'),
(2897, 4, 26, '2021-01-09 18:30:41'),
(2898, 4, 26, '2021-01-09 18:34:35'),
(2899, 4, 26, '2021-01-09 18:34:35'),
(2900, 4, 26, '2021-01-09 18:34:36'),
(2901, 4, 26, '2021-01-09 18:34:37'),
(2902, 4, 26, '2021-01-09 18:35:35'),
(2903, 4, 26, '2021-01-09 18:35:47'),
(2904, 4, 26, '2021-01-09 18:36:40'),
(2905, 4, 26, '2021-01-09 18:37:10'),
(2906, 4, 26, '2021-01-09 18:37:56'),
(2907, 4, 24, '2021-01-09 18:38:26'),
(2908, 4, 21, '2021-01-09 18:38:27'),
(2909, 4, 26, '2021-01-09 18:38:28'),
(2910, 4, 26, '2021-01-09 18:39:12'),
(2911, 4, 26, '2021-01-09 18:39:13'),
(2912, 4, 26, '2021-01-09 18:39:13'),
(2913, 4, 26, '2021-01-09 18:39:33'),
(2914, 4, 26, '2021-01-09 18:39:56'),
(2915, 4, 26, '2021-01-09 18:40:03'),
(2916, 4, 26, '2021-01-09 18:40:03'),
(2917, 4, 26, '2021-01-09 18:40:03'),
(2918, 4, 26, '2021-01-09 18:40:11'),
(2919, 4, 26, '2021-01-09 18:40:12'),
(2920, 4, 26, '2021-01-09 18:40:17'),
(2921, 4, 26, '2021-01-09 18:40:18'),
(2922, 4, 26, '2021-01-09 18:40:28'),
(2923, 4, 26, '2021-01-09 18:40:29'),
(2924, 4, 26, '2021-01-09 18:40:42'),
(2925, 4, 26, '2021-01-09 18:40:48'),
(2926, 4, 26, '2021-01-09 18:40:51'),
(2927, 4, 26, '2021-01-09 18:40:54'),
(2928, 4, 26, '2021-01-09 18:40:54'),
(2929, 4, 27, '2021-01-09 18:41:13'),
(2930, 4, 26, '2021-01-09 18:41:14'),
(2931, 4, 27, '2021-01-09 18:41:15'),
(2932, 4, 26, '2021-01-09 18:41:16'),
(2933, 4, 27, '2021-01-09 18:41:17'),
(2934, 4, 26, '2021-01-09 18:41:17'),
(2935, 4, 27, '2021-01-09 20:40:33'),
(2936, 4, 26, '2021-01-09 20:40:37'),
(2937, 4, 27, '2021-01-09 20:41:06'),
(2938, 4, 26, '2021-01-09 20:41:07'),
(2939, 4, 26, '2021-01-09 21:07:27'),
(2940, 4, 26, '2021-01-09 21:07:45'),
(2941, 4, 26, '2021-01-09 21:07:56'),
(2942, 4, 26, '2021-01-09 21:08:04'),
(2943, 4, 26, '2021-01-09 21:08:04'),
(2944, 4, 26, '2021-01-09 21:08:05'),
(2945, 4, 26, '2021-01-09 21:08:05'),
(2946, 4, 26, '2021-01-09 21:08:06'),
(2947, 4, 26, '2021-01-09 21:08:12'),
(2948, 4, 26, '2021-01-09 21:08:12'),
(2949, 4, 26, '2021-01-09 21:08:13'),
(2950, 4, 26, '2021-01-09 21:08:17'),
(2951, 4, 26, '2021-01-09 21:08:25'),
(2952, 4, 26, '2021-01-09 21:08:31'),
(2953, 4, 26, '2021-01-09 21:08:31'),
(2954, 4, 26, '2021-01-09 21:08:44'),
(2955, 4, 26, '2021-01-09 21:08:45'),
(2956, 4, 26, '2021-01-09 21:08:45'),
(2957, 4, 26, '2021-01-09 21:08:49'),
(2958, 4, 26, '2021-01-09 21:08:59'),
(2959, 4, 26, '2021-01-09 21:09:06'),
(2960, 4, 26, '2021-01-09 21:09:07'),
(2961, 4, 26, '2021-01-09 21:09:16'),
(2962, 4, 26, '2021-01-09 21:09:16'),
(2963, 4, 26, '2021-01-09 21:09:24'),
(2964, 4, 26, '2021-01-09 21:09:24'),
(2965, 4, 26, '2021-01-09 21:09:29'),
(2966, 4, 26, '2021-01-09 21:09:29'),
(2967, 4, 26, '2021-01-09 21:09:32'),
(2968, 4, 26, '2021-01-09 21:09:32'),
(2969, 4, 26, '2021-01-09 21:09:33'),
(2970, 4, 26, '2021-01-09 21:09:43'),
(2971, 4, 26, '2021-01-09 21:09:48'),
(2972, 4, 26, '2021-01-09 21:09:48'),
(2973, 4, 26, '2021-01-09 21:10:00'),
(2974, 4, 26, '2021-01-09 21:10:01'),
(2975, 4, 26, '2021-01-09 21:10:14'),
(2976, 4, 26, '2021-01-09 21:10:15'),
(2977, 4, 26, '2021-01-09 21:10:23'),
(2978, 4, 26, '2021-01-09 21:10:23'),
(2979, 4, 26, '2021-01-09 21:10:23'),
(2980, 4, 26, '2021-01-09 21:10:26'),
(2981, 4, 26, '2021-01-09 21:10:29'),
(2982, 4, 26, '2021-01-09 21:10:34'),
(2983, 4, 26, '2021-01-09 21:10:35'),
(2984, 4, 26, '2021-01-09 21:11:03'),
(2985, 4, 26, '2021-01-09 21:11:04'),
(2986, 4, 26, '2021-01-09 21:11:07'),
(2987, 4, 26, '2021-01-09 21:11:08'),
(2988, 4, 26, '2021-01-09 21:11:08'),
(2989, 4, 26, '2021-01-09 21:11:31'),
(2990, 4, 26, '2021-01-09 21:11:48'),
(2991, 4, 26, '2021-01-09 21:11:48'),
(2992, 4, 26, '2021-01-09 21:11:48'),
(2993, 4, 26, '2021-01-09 21:11:49'),
(2994, 4, 26, '2021-01-09 21:12:08'),
(2995, 4, 26, '2021-01-09 21:12:16'),
(2996, 4, 26, '2021-01-09 21:12:21'),
(2997, 4, 26, '2021-01-09 21:12:21'),
(2998, 4, 26, '2021-01-09 21:12:28'),
(2999, 4, 26, '2021-01-09 21:12:38'),
(3000, 4, 26, '2021-01-09 21:12:39'),
(3001, 4, 26, '2021-01-09 21:12:44'),
(3002, 4, 26, '2021-01-09 21:12:44'),
(3003, 4, 26, '2021-01-09 21:12:55'),
(3004, 4, 26, '2021-01-09 21:12:56'),
(3005, 4, 26, '2021-01-09 21:12:58'),
(3006, 4, 26, '2021-01-09 21:13:01'),
(3007, 4, 26, '2021-01-09 21:13:39'),
(3008, 4, 26, '2021-01-09 21:13:40'),
(3009, 4, 26, '2021-01-09 21:13:53'),
(3010, 4, 26, '2021-01-09 21:14:17'),
(3011, 4, 26, '2021-01-09 21:14:17'),
(3012, 4, 26, '2021-01-09 21:14:31'),
(3013, 4, 26, '2021-01-09 21:14:34'),
(3014, 4, 26, '2021-01-09 21:14:40'),
(3015, 4, 26, '2021-01-09 21:14:47'),
(3016, 4, 26, '2021-01-09 21:14:50'),
(3017, 4, 26, '2021-01-09 21:14:55'),
(3018, 4, 26, '2021-01-09 21:14:56'),
(3019, 4, 26, '2021-01-09 21:14:58'),
(3020, 4, 26, '2021-01-09 21:15:02'),
(3021, 4, 26, '2021-01-09 21:15:09'),
(3022, 4, 26, '2021-01-09 21:15:15'),
(3023, 4, 26, '2021-01-09 21:15:25'),
(3024, 4, 26, '2021-01-09 21:15:25'),
(3025, 4, 26, '2021-01-09 21:15:25'),
(3026, 4, 26, '2021-01-09 21:15:32'),
(3027, 4, 26, '2021-01-09 21:15:56'),
(3028, 4, 26, '2021-01-09 21:15:57'),
(3029, 4, 26, '2021-01-09 21:16:01'),
(3030, 4, 26, '2021-01-09 21:16:01'),
(3031, 4, 26, '2021-01-09 21:16:06'),
(3032, 4, 26, '2021-01-09 21:16:13'),
(3033, 4, 26, '2021-01-09 21:16:14'),
(3034, 4, 26, '2021-01-09 21:16:14'),
(3035, 4, 26, '2021-01-09 21:16:14'),
(3036, 4, 26, '2021-01-09 21:16:17'),
(3037, 4, 26, '2021-01-09 21:16:18'),
(3038, 4, 26, '2021-01-09 21:16:18'),
(3039, 4, 26, '2021-01-09 21:16:23'),
(3040, 4, 26, '2021-01-09 21:16:28'),
(3041, 4, 26, '2021-01-09 21:16:34'),
(3042, 4, 26, '2021-01-09 21:16:35'),
(3043, 4, 26, '2021-01-09 21:16:40'),
(3044, 4, 26, '2021-01-09 21:16:44'),
(3045, 4, 26, '2021-01-09 21:16:49'),
(3046, 4, 26, '2021-01-09 21:16:50'),
(3047, 4, 26, '2021-01-09 21:17:13'),
(3048, 4, 26, '2021-01-09 21:17:13'),
(3049, 4, 26, '2021-01-09 21:17:14'),
(3050, 4, 26, '2021-01-09 21:17:14'),
(3051, 4, 26, '2021-01-09 21:17:24'),
(3052, 4, 26, '2021-01-09 21:17:25'),
(3053, 4, 26, '2021-01-09 21:17:25'),
(3054, 4, 26, '2021-01-09 21:17:27'),
(3055, 4, 26, '2021-01-09 21:17:28'),
(3056, 4, 26, '2021-01-09 21:17:35'),
(3057, 4, 26, '2021-01-09 21:17:35'),
(3058, 4, 26, '2021-01-09 21:17:54'),
(3059, 4, 26, '2021-01-09 21:17:57'),
(3060, 4, 26, '2021-01-09 21:18:06'),
(3061, 4, 26, '2021-01-09 21:18:12'),
(3062, 4, 27, '2021-01-09 21:18:25'),
(3063, 4, 26, '2021-01-09 21:18:26'),
(3064, 4, 26, '2021-01-09 21:18:45'),
(3065, 4, 26, '2021-01-09 21:33:18'),
(3066, 4, 26, '2021-01-09 21:33:19'),
(3067, 4, 26, '2021-01-09 21:33:20'),
(3068, 4, 27, '2021-01-09 21:33:26'),
(3069, 4, 26, '2021-01-09 21:33:29'),
(3070, 4, 26, '2021-01-09 21:34:48'),
(3071, 4, 26, '2021-01-09 21:34:49'),
(3072, 4, 27, '2021-01-09 21:34:51'),
(3073, 4, 26, '2021-01-09 21:35:19'),
(3074, 4, 26, '2021-01-09 21:35:20'),
(3075, 4, 27, '2021-01-09 21:35:21'),
(3076, 4, 26, '2021-01-09 21:36:07'),
(3077, 4, 26, '2021-01-09 21:36:08'),
(3078, 4, 27, '2021-01-09 21:36:09'),
(3079, 4, 26, '2021-01-09 21:36:14'),
(3080, 4, 2, '2021-01-09 21:36:21'),
(3081, 4, 1, '2021-01-09 21:36:24'),
(3082, 4, 26, '2021-01-09 21:36:32'),
(3083, 4, 21, '2021-01-09 21:36:41'),
(3084, 4, 29, '2021-01-09 21:36:45'),
(3085, 4, 37, '2021-01-09 21:36:48'),
(3086, 4, 29, '2021-01-09 21:36:49'),
(3087, 4, 26, '2021-01-09 21:36:52'),
(3088, 4, 21, '2021-01-09 21:37:55'),
(3089, 4, 24, '2021-01-09 21:37:55'),
(3090, 4, 26, '2021-01-09 21:37:56'),
(3091, 4, 21, '2021-01-09 21:38:01'),
(3092, 4, 29, '2021-01-09 21:38:04'),
(3093, 4, 37, '2021-01-09 21:38:07'),
(3094, 4, 29, '2021-01-09 21:38:07'),
(3095, 4, 21, '2021-01-09 21:38:09'),
(3096, 4, 26, '2021-01-09 21:38:14'),
(3097, 4, 27, '2021-01-09 21:38:20'),
(3098, 4, 26, '2021-01-09 21:38:30'),
(3099, 4, 2, '2021-01-09 21:38:58'),
(3100, 3, 1, '2021-01-09 21:39:07'),
(3101, 3, 30, '2021-01-09 21:39:08'),
(3102, 3, 30, '2021-01-09 21:39:16'),
(3103, 3, 26, '2021-01-09 21:39:16'),
(3104, 3, 30, '2021-01-09 21:39:41'),
(3105, 3, 30, '2021-01-09 21:41:39'),
(3106, 3, 30, '2021-01-09 21:41:52'),
(3107, 3, 26, '2021-01-09 21:43:11'),
(3108, 3, 30, '2021-01-09 21:43:11'),
(3109, 3, 26, '2021-01-09 21:43:13'),
(3110, 3, 2, '2021-01-09 21:43:14'),
(3111, 4, 1, '2021-01-09 21:43:17'),
(3112, 4, 26, '2021-01-09 21:43:19'),
(3113, 4, 21, '2021-01-09 21:43:36'),
(3114, 4, 6, '2021-01-09 21:44:52'),
(3115, 4, 20, '2021-01-09 21:44:53'),
(3116, 4, 26, '2021-01-09 21:44:53'),
(3117, 4, 24, '2021-01-09 21:44:54'),
(3118, 4, 26, '2021-01-09 21:44:55'),
(3119, 4, 21, '2021-01-09 21:45:05'),
(3120, 4, 24, '2021-01-09 21:45:06'),
(3121, 4, 26, '2021-01-09 21:45:07'),
(3122, 4, 6, '2021-01-09 21:45:08'),
(3123, 4, 39, '2021-01-09 21:45:10'),
(3124, 4, 26, '2021-01-09 21:46:35'),
(3125, 4, 26, '2021-01-09 21:46:38'),
(3126, 4, 2, '2021-01-09 21:46:58'),
(3127, 3, 1, '2021-01-09 21:47:02'),
(3128, 3, 30, '2021-01-09 21:47:03'),
(3129, 3, 32, '2021-01-09 21:47:06'),
(3130, 3, 32, '2021-01-09 21:47:26'),
(3131, 3, 32, '2021-01-09 21:48:29'),
(3132, 3, 32, '2021-01-09 21:58:17'),
(3133, 3, 24, '2021-01-09 21:58:20'),
(3134, 3, 39, '2021-01-09 21:58:22'),
(3135, 3, 26, '2021-01-09 21:58:23'),
(3136, 3, 24, '2021-01-09 21:58:25'),
(3137, 3, 26, '2021-01-09 21:58:25'),
(3138, 3, 30, '2021-01-09 21:58:26'),
(3139, 3, 30, '2021-01-09 21:58:28'),
(3140, 3, 32, '2021-01-09 21:58:30'),
(3141, 3, 30, '2021-01-09 21:58:31'),
(3142, 3, 32, '2021-01-09 21:58:34'),
(3143, 3, 30, '2021-01-09 21:58:34'),
(3144, 3, 32, '2021-01-09 21:58:35'),
(3145, 3, 30, '2021-01-09 21:58:37'),
(3146, 3, 32, '2021-01-09 21:58:38'),
(3147, 3, 30, '2021-01-09 21:58:41'),
(3148, 3, 32, '2021-01-09 21:58:42'),
(3149, 3, 32, '2021-01-09 21:59:04'),
(3150, 3, 32, '2021-01-09 21:59:05'),
(3151, 3, 26, '2021-01-09 21:59:05'),
(3152, 3, 24, '2021-01-09 21:59:06'),
(3153, 3, 39, '2021-01-09 21:59:07'),
(3154, 3, 30, '2021-01-09 21:59:09'),
(3155, 3, 32, '2021-01-09 21:59:10'),
(3156, 3, 30, '2021-01-09 21:59:11'),
(3157, 3, 30, '2021-01-09 22:08:23'),
(3158, 3, 39, '2021-01-09 22:23:01'),
(3159, 3, 26, '2021-01-09 22:23:42'),
(3160, 3, 24, '2021-01-09 22:23:43'),
(3161, 3, 39, '2021-01-09 22:23:43'),
(3162, 3, 30, '2021-01-09 22:23:45'),
(3163, 3, 32, '2021-01-09 22:23:46'),
(3164, 3, 32, '2021-01-09 22:24:07'),
(3165, 3, 32, '2021-01-09 22:26:51'),
(3166, 3, 32, '2021-01-09 22:26:52'),
(3167, 3, 32, '2021-01-09 22:26:53'),
(3168, 3, 30, '2021-01-09 22:26:55'),
(3169, 3, 32, '2021-01-09 22:26:56'),
(3170, 3, 30, '2021-01-09 22:27:05'),
(3171, 3, 32, '2021-01-09 22:27:12'),
(3172, 3, 30, '2021-01-09 22:27:16'),
(3173, 3, 32, '2021-01-09 22:27:17'),
(3174, 3, 30, '2021-01-09 22:27:18'),
(3175, 3, 32, '2021-01-09 22:27:20'),
(3176, 3, 30, '2021-01-09 22:27:21'),
(3177, 3, 32, '2021-01-09 22:27:22'),
(3178, 3, 30, '2021-01-09 22:27:23'),
(3179, 3, 32, '2021-01-09 22:27:28'),
(3180, 3, 30, '2021-01-09 22:27:32'),
(3181, 3, 32, '2021-01-09 22:27:33'),
(3182, 3, 30, '2021-01-09 22:27:36'),
(3183, 3, 30, '2021-01-09 22:27:58'),
(3184, 3, 32, '2021-01-09 22:27:59'),
(3185, 3, 30, '2021-01-09 22:28:04'),
(3186, 3, 32, '2021-01-09 22:28:04'),
(3187, 3, 32, '2021-01-09 22:28:05'),
(3188, 3, 30, '2021-01-09 22:28:05'),
(3189, 3, 30, '2021-01-09 22:28:06'),
(3190, 3, 32, '2021-01-09 22:28:07'),
(3191, 3, 30, '2021-01-09 22:28:15'),
(3192, 3, 32, '2021-01-09 22:28:17'),
(3193, 3, 32, '2021-01-09 22:28:26'),
(3194, 3, 32, '2021-01-09 22:28:26'),
(3195, 3, 32, '2021-01-09 22:28:28'),
(3196, 3, 32, '2021-01-09 22:28:28'),
(3197, 3, 32, '2021-01-09 22:28:36'),
(3198, 3, 32, '2021-01-09 22:28:37'),
(3199, 3, 32, '2021-01-09 22:28:38'),
(3200, 3, 32, '2021-01-09 22:28:39'),
(3201, 3, 32, '2021-01-09 22:28:39'),
(3202, 3, 32, '2021-01-09 22:28:40'),
(3203, 3, 32, '2021-01-09 22:29:06'),
(3204, 3, 32, '2021-01-09 22:29:07'),
(3205, 3, 32, '2021-01-09 22:29:08'),
(3206, 3, 32, '2021-01-09 22:29:09'),
(3207, 3, 32, '2021-01-09 22:29:09'),
(3208, 3, 32, '2021-01-09 22:29:09'),
(3209, 3, 24, '2021-01-09 22:29:13'),
(3210, 3, 26, '2021-01-09 22:29:14'),
(3211, 3, 30, '2021-01-09 22:29:15'),
(3212, 3, 32, '2021-01-09 22:29:16'),
(3213, 3, 32, '2021-01-09 22:29:19'),
(3214, 3, 32, '2021-01-09 22:29:22'),
(3215, 3, 32, '2021-01-09 22:29:23'),
(3216, 3, 32, '2021-01-09 22:29:23'),
(3217, 3, 24, '2021-01-09 22:30:45'),
(3218, 3, 24, '2021-01-09 22:30:46'),
(3219, 3, 24, '2021-01-09 22:30:47'),
(3220, 3, 24, '2021-01-09 22:30:48'),
(3221, 3, 39, '2021-01-09 22:30:49'),
(3222, 3, 30, '2021-01-09 22:30:49'),
(3223, 3, 32, '2021-01-09 22:30:51'),
(3224, 3, 32, '2021-01-09 22:32:11'),
(3225, 3, 32, '2021-01-09 22:32:48'),
(3226, 3, 2, '2021-01-09 22:33:11'),
(3227, 4, 1, '2021-01-09 22:33:14'),
(3228, 4, 2, '2021-01-09 22:33:17'),
(3229, 3, 1, '2021-01-09 22:33:20'),
(3230, 3, 30, '2021-01-09 22:33:21'),
(3231, 3, 32, '2021-01-09 22:33:22'),
(3232, 3, 32, '2021-01-09 22:33:49'),
(3233, 3, 32, '2021-01-09 22:33:50'),
(3234, 3, 26, '2021-01-09 22:33:56'),
(3235, 3, 2, '2021-01-09 22:33:57'),
(3236, 4, 1, '2021-01-09 22:34:01'),
(3237, 4, 21, '2021-01-09 22:34:03'),
(3238, 4, 26, '2021-01-09 22:34:04'),
(3239, 4, 21, '2021-01-09 22:35:53'),
(3240, 4, 2, '2021-01-09 22:36:14'),
(3241, 3, 1, '2021-01-09 22:36:18'),
(3242, 3, 30, '2021-01-09 22:36:21'),
(3243, 3, 32, '2021-01-09 22:36:23'),
(3244, 3, 32, '2021-01-09 22:41:35'),
(3245, 3, 30, '2021-01-09 22:41:41'),
(3246, 3, 32, '2021-01-09 22:41:49'),
(3247, 3, 22, '2021-01-09 22:41:53'),
(3248, 3, 30, '2021-01-09 22:41:53'),
(3249, 3, 2, '2021-01-09 22:41:55'),
(3250, 4, 1, '2021-01-09 22:41:58'),
(3251, 4, 21, '2021-01-09 22:42:00'),
(3252, 4, 29, '2021-01-09 22:42:14'),
(3253, 4, 21, '2021-01-09 22:42:17'),
(3254, 4, 29, '2021-01-09 22:42:23'),
(3255, 4, 21, '2021-01-09 22:42:41'),
(3256, 4, 29, '2021-01-09 22:43:14'),
(3257, 4, 21, '2021-01-09 22:43:16'),
(3258, 4, 29, '2021-01-09 22:43:20'),
(3259, 4, 32, '2021-01-09 22:43:56'),
(3260, 4, 29, '2021-01-09 22:44:18'),
(3261, 4, 21, '2021-01-09 22:44:20'),
(3262, 4, 29, '2021-01-09 22:48:01'),
(3263, 4, 37, '2021-01-09 22:48:03'),
(3264, 4, 29, '2021-01-09 22:48:04'),
(3265, 4, 21, '2021-01-09 22:48:07'),
(3266, 4, 29, '2021-01-09 22:56:14'),
(3267, 4, 29, '2021-01-09 23:03:01'),
(3268, 4, 29, '2021-01-09 23:03:27'),
(3269, 4, 21, '2021-01-09 23:03:35'),
(3270, 4, 29, '2021-01-09 23:03:38'),
(3271, 4, 21, '2021-01-09 23:03:40'),
(3272, 4, 29, '2021-01-09 23:03:42'),
(3273, 4, 21, '2021-01-09 23:03:43'),
(3274, 4, 29, '2021-01-09 23:03:45'),
(3275, 4, 21, '2021-01-09 23:03:45'),
(3276, 4, 29, '2021-01-09 23:03:47'),
(3277, 4, 21, '2021-01-09 23:03:48'),
(3278, 4, 29, '2021-01-09 23:03:50'),
(3279, 4, 21, '2021-01-09 23:03:51'),
(3280, 4, 29, '2021-01-09 23:03:53'),
(3281, 4, 29, '2021-01-09 23:04:15'),
(3282, 4, 24, '2021-01-09 23:04:17'),
(3283, 4, 26, '2021-01-09 23:04:17'),
(3284, 4, 21, '2021-01-09 23:04:33'),
(3285, 4, 29, '2021-01-09 23:04:38'),
(3286, 4, 21, '2021-01-09 23:04:40'),
(3287, 4, 29, '2021-01-09 23:04:45'),
(3288, 4, 21, '2021-01-09 23:04:46'),
(3289, 4, 29, '2021-01-09 23:04:47'),
(3290, 4, 31, '2021-01-09 23:04:50'),
(3291, 4, 29, '2021-01-09 23:04:50'),
(3292, 4, 29, '2021-01-09 23:04:51'),
(3293, 4, 21, '2021-01-09 23:04:53'),
(3294, 4, 29, '2021-01-09 23:04:54'),
(3295, 4, 21, '2021-01-09 23:04:56'),
(3296, 4, 29, '2021-01-09 23:05:00'),
(3297, 4, 21, '2021-01-09 23:05:01'),
(3298, 4, 29, '2021-01-09 23:05:07'),
(3299, 4, 21, '2021-01-09 23:05:09'),
(3300, 4, 29, '2021-01-09 23:05:14'),
(3301, 4, 37, '2021-01-09 23:05:15'),
(3302, 4, 29, '2021-01-09 23:05:16'),
(3303, 4, 29, '2021-01-09 23:07:16'),
(3304, 4, 29, '2021-01-09 23:07:18'),
(3305, 4, 31, '2021-01-09 23:07:19'),
(3306, 4, 29, '2021-01-09 23:07:19'),
(3307, 4, 29, '2021-01-09 23:07:20'),
(3308, 4, 37, '2021-01-09 23:07:21'),
(3309, 4, 29, '2021-01-09 23:07:22'),
(3310, 4, 2, '2021-01-09 23:07:37'),
(3311, 3, 1, '2021-01-09 23:07:40'),
(3312, 3, 30, '2021-01-09 23:07:41'),
(3313, 3, 32, '2021-01-09 23:07:46'),
(3314, 3, 30, '2021-01-09 23:07:51'),
(3315, 3, 32, '2021-01-09 23:08:03'),
(3316, 3, 22, '2021-01-09 23:08:09'),
(3317, 3, 30, '2021-01-09 23:08:09'),
(3318, 3, 2, '2021-01-09 23:08:15'),
(3319, 4, 1, '2021-01-09 23:08:17'),
(3320, 4, 21, '2021-01-09 23:08:20'),
(3321, 4, 29, '2021-01-09 23:08:23'),
(3322, 4, 21, '2021-01-09 23:08:29'),
(3323, 4, 29, '2021-01-09 23:08:33'),
(3324, 4, 29, '2021-01-09 23:10:41'),
(3325, 4, 29, '2021-01-09 23:11:00'),
(3326, 4, 29, '2021-01-09 23:11:12'),
(3327, 4, 29, '2021-01-09 23:11:32'),
(3328, 4, 29, '2021-01-09 23:11:50'),
(3329, 4, 29, '2021-01-09 23:11:51'),
(3330, 4, 29, '2021-01-09 23:11:58'),
(3331, 4, 29, '2021-01-09 23:12:06'),
(3332, 4, 29, '2021-01-09 23:12:37'),
(3333, 4, 29, '2021-01-09 23:12:47'),
(3334, 4, 29, '2021-01-09 23:13:14'),
(3335, 4, 29, '2021-01-09 23:13:21'),
(3336, 4, 29, '2021-01-09 23:13:27'),
(3337, 4, 29, '2021-01-09 23:13:42'),
(3338, 4, 29, '2021-01-09 23:13:58'),
(3339, 4, 29, '2021-01-09 23:14:07'),
(3340, 4, 22, '2021-01-09 23:14:20'),
(3341, 4, 21, '2021-01-09 23:14:21'),
(3342, 4, 29, '2021-01-09 23:14:36'),
(3343, 4, 29, '2021-01-09 23:14:45'),
(3344, 4, 22, '2021-01-09 23:14:46'),
(3345, 4, 21, '2021-01-09 23:14:47'),
(3346, 4, 26, '2021-01-09 23:14:59'),
(3347, 4, 27, '2021-01-10 09:24:29'),
(3348, 4, 27, '2021-01-10 09:24:29'),
(3349, 4, 26, '2021-01-10 09:24:31'),
(3350, 4, 2, '2021-01-10 09:24:42'),
(3351, 3, 1, '2021-01-10 09:24:47'),
(3352, 3, 30, '2021-01-10 09:24:48'),
(3353, 3, 32, '2021-01-10 09:24:59'),
(3354, 3, 30, '2021-01-10 09:25:00'),
(3355, 3, 32, '2021-01-10 09:25:02'),
(3356, 3, 30, '2021-01-10 09:25:03'),
(3357, 3, 32, '2021-01-10 09:25:06'),
(3358, 3, 30, '2021-01-10 09:25:07'),
(3359, 3, 32, '2021-01-10 09:25:09'),
(3360, 3, 30, '2021-01-10 09:25:09'),
(3361, 3, 32, '2021-01-10 09:25:11'),
(3362, 3, 2, '2021-01-10 09:25:50'),
(3363, 3, 1, '2021-01-10 09:25:54'),
(3364, 3, 26, '2021-01-10 09:25:55'),
(3365, 3, 30, '2021-01-10 09:25:57'),
(3366, 3, 32, '2021-01-10 09:26:00'),
(3367, 3, 22, '2021-01-10 09:26:08'),
(3368, 3, 30, '2021-01-10 09:26:08'),
(3369, 3, 2, '2021-01-10 09:26:10'),
(3370, 4, 1, '2021-01-10 09:26:13'),
(3371, 4, 21, '2021-01-10 09:26:18'),
(3372, 4, 29, '2021-01-10 09:26:20'),
(3373, 4, 2, '2021-01-10 09:26:44'),
(3374, 4, 1, '2021-01-10 09:26:58'),
(3375, 4, 26, '2021-01-10 09:27:02'),
(3376, 4, 26, '2021-01-10 09:27:04'),
(3377, 4, 27, '2021-01-10 09:27:11'),
(3378, 4, 26, '2021-01-10 09:27:12'),
(3379, 4, 27, '2021-01-10 09:27:14'),
(3380, 4, 28, '2021-01-10 09:27:15'),
(3381, 4, 27, '2021-01-10 09:27:18'),
(3382, 4, 26, '2021-01-10 09:27:25'),
(3383, 4, 39, '2021-01-10 10:42:36'),
(3384, 4, 21, '2021-01-10 10:42:39'),
(3385, 4, 26, '2021-01-10 10:43:09'),
(3386, 4, 27, '2021-01-10 10:54:53'),
(3387, 4, 26, '2021-01-10 10:54:54'),
(3388, 4, 21, '2021-01-10 10:54:55'),
(3389, 4, 29, '2021-01-10 10:54:57'),
(3390, 4, 21, '2021-01-10 10:54:58'),
(3391, 4, 29, '2021-01-10 10:54:58'),
(3392, 4, 21, '2021-01-10 10:54:59'),
(3393, 4, 29, '2021-01-10 10:55:00'),
(3394, 4, 21, '2021-01-10 10:55:01'),
(3395, 4, 29, '2021-01-10 10:55:01'),
(3396, 4, 21, '2021-01-10 10:55:03'),
(3397, 4, 29, '2021-01-10 10:55:04'),
(3398, 4, 37, '2021-01-10 10:55:09'),
(3399, 4, 29, '2021-01-10 10:55:10'),
(3400, 4, 26, '2021-01-10 10:57:36'),
(3401, 4, 27, '2021-01-10 10:57:40'),
(3402, 4, 27, '2021-01-10 11:25:29'),
(3403, 4, 27, '2021-01-10 11:25:30'),
(3404, 4, 27, '2021-01-10 11:25:55'),
(3405, 4, 26, '2021-01-10 11:26:03'),
(3406, 4, 21, '2021-01-10 11:26:06'),
(3407, 4, 29, '2021-01-10 11:26:09'),
(3408, 4, 21, '2021-01-10 11:26:12'),
(3409, 4, 29, '2021-01-10 11:26:14'),
(3410, 4, 21, '2021-01-10 11:26:15'),
(3411, 4, 29, '2021-01-10 11:26:16'),
(3412, 4, 21, '2021-01-10 11:26:17'),
(3413, 4, 29, '2021-01-10 11:26:19'),
(3414, 4, 21, '2021-01-10 11:26:20'),
(3415, 4, 29, '2021-01-10 11:26:23'),
(3416, 4, 21, '2021-01-10 11:26:25'),
(3417, 4, 26, '2021-01-10 11:26:30'),
(3418, 4, 27, '2021-01-10 11:26:38'),
(3419, 4, 26, '2021-01-10 11:26:40'),
(3420, 4, 21, '2021-01-10 11:26:41'),
(3421, 4, 29, '2021-01-10 11:26:44'),
(3422, 4, 2, '2021-01-10 11:26:47'),
(3423, 3, 1, '2021-01-10 11:26:50'),
(3424, 3, 26, '2021-01-10 11:26:51'),
(3425, 3, 30, '2021-01-10 11:26:52'),
(3426, 3, 32, '2021-01-10 11:26:55'),
(3427, 3, 22, '2021-01-10 11:26:59'),
(3428, 3, 30, '2021-01-10 11:27:00'),
(3429, 3, 2, '2021-01-10 11:27:02'),
(3430, 4, 1, '2021-01-10 11:27:09'),
(3431, 4, 21, '2021-01-10 11:27:14'),
(3432, 4, 26, '2021-01-10 11:27:14'),
(3433, 4, 27, '2021-01-10 11:27:29'),
(3434, 4, 26, '2021-01-10 11:27:40'),
(3435, 4, 27, '2021-01-10 11:28:26'),
(3436, 4, 28, '2021-01-10 11:28:38'),
(3437, 4, 28, '2021-01-10 11:29:56'),
(3438, 4, 28, '2021-01-10 11:30:12'),
(3439, 4, 28, '2021-01-10 11:30:14'),
(3440, 4, 27, '2021-01-10 11:30:16'),
(3441, 4, 26, '2021-01-10 11:30:18'),
(3442, 4, 27, '2021-01-10 11:30:23'),
(3443, 4, 26, '2021-01-10 11:30:24'),
(3444, 4, 27, '2021-01-10 11:30:26'),
(3445, 4, 26, '2021-01-10 11:30:27'),
(3446, 4, 27, '2021-01-10 11:30:28'),
(3447, 4, 28, '2021-01-10 11:30:30'),
(3448, 4, 28, '2021-01-10 11:31:10'),
(3449, 4, 27, '2021-01-10 11:31:20'),
(3450, 4, 26, '2021-01-10 11:31:21'),
(3451, 4, 27, '2021-01-10 11:31:25'),
(3452, 4, 26, '2021-01-10 11:31:25'),
(3453, 4, 27, '2021-01-10 11:31:27'),
(3454, 4, 28, '2021-01-10 11:31:29'),
(3455, 4, 46, '2021-01-10 11:33:33'),
(3456, 4, 46, '2021-01-10 11:35:06'),
(3457, 4, 2, '2021-01-10 11:57:41'),
(3458, 2, 1, '2021-01-10 11:57:45'),
(3459, 2, 2, '2021-01-10 11:57:50'),
(3460, 1, 1, '2021-01-10 11:57:57'),
(3461, 1, 2, '2021-01-10 11:58:07'),
(3462, 4, 1, '2021-01-10 11:58:15'),
(3463, 4, 46, '2021-01-10 11:58:17'),
(3464, 4, 21, '2021-01-10 11:59:25'),
(3465, 4, 24, '2021-01-10 11:59:32'),
(3466, 4, 24, '2021-01-10 12:00:14'),
(3467, 4, 24, '2021-01-10 12:00:32'),
(3468, 4, 24, '2021-01-10 12:00:49'),
(3469, 4, 21, '2021-01-10 12:04:06'),
(3470, 4, 24, '2021-01-10 12:04:29'),
(3471, 4, 26, '2021-01-10 12:04:30'),
(3472, 4, 6, '2021-01-10 12:04:37'),
(3473, 4, 6, '2021-01-10 12:04:39'),
(3474, 4, 20, '2021-01-10 12:04:40'),
(3475, 4, 6, '2021-01-10 12:04:41'),
(3476, 4, 39, '2021-01-10 12:04:44'),
(3477, 4, 38, '2021-01-10 12:04:54'),
(3478, 4, 24, '2021-01-10 12:06:35'),
(3479, 4, 26, '2021-01-10 12:06:36'),
(3480, 4, 21, '2021-01-10 12:06:45'),
(3481, 4, 29, '2021-01-10 12:06:47'),
(3482, 4, 22, '2021-01-10 12:06:48'),
(3483, 4, 21, '2021-01-10 12:06:48'),
(3484, 4, 26, '2021-01-10 12:06:53'),
(3485, 4, 27, '2021-01-10 12:06:58'),
(3486, 4, 26, '2021-01-10 12:07:00'),
(3487, 4, 21, '2021-01-10 12:07:08'),
(3488, 4, 29, '2021-01-10 12:07:10'),
(3489, 4, 21, '2021-01-10 12:07:12'),
(3490, 4, 29, '2021-01-10 12:07:14'),
(3491, 4, 21, '2021-01-10 12:07:15'),
(3492, 4, 21, '2021-01-10 12:07:17'),
(3493, 4, 26, '2021-01-10 12:07:19'),
(3494, 4, 21, '2021-01-10 12:07:23'),
(3495, 4, 29, '2021-01-10 12:07:25'),
(3496, 4, 21, '2021-01-10 12:07:28'),
(3497, 4, 21, '2021-01-10 12:07:30'),
(3498, 4, 24, '2021-01-10 12:07:31'),
(3499, 4, 26, '2021-01-10 12:07:31'),
(3500, 4, 26, '2021-01-10 12:08:37'),
(3501, 4, 26, '2021-01-10 12:08:38'),
(3502, 4, 27, '2021-01-10 12:08:40'),
(3503, 4, 26, '2021-01-10 12:08:41'),
(3504, 4, 27, '2021-01-10 12:08:44'),
(3505, 4, 26, '2021-01-10 12:08:45'),
(3506, 4, 27, '2021-01-10 12:08:48'),
(3507, 4, 26, '2021-01-10 12:08:49'),
(3508, 4, 21, '2021-01-10 12:08:55'),
(3509, 4, 29, '2021-01-10 12:08:59'),
(3510, 4, 21, '2021-01-10 12:09:00'),
(3511, 4, 26, '2021-01-10 12:09:01'),
(3512, 4, 21, '2021-01-10 12:09:03'),
(3513, 4, 29, '2021-01-10 12:09:06'),
(3514, 4, 37, '2021-01-10 12:09:08'),
(3515, 4, 29, '2021-01-10 12:09:08'),
(3516, 4, 26, '2021-01-10 12:09:10'),
(3517, 4, 27, '2021-01-10 12:09:15'),
(3518, 4, 21, '2021-01-10 12:09:17'),
(3519, 4, 29, '2021-01-10 12:09:21'),
(3520, 4, 31, '2021-01-10 12:09:24'),
(3521, 4, 29, '2021-01-10 12:09:24'),
(3522, 4, 26, '2021-01-10 12:09:25'),
(3523, 4, 26, '2021-01-10 12:12:03'),
(3524, 4, 26, '2021-01-10 12:13:06'),
(3525, 4, 26, '2021-01-10 12:13:07'),
(3526, 4, 2, '2021-01-10 12:13:15'),
(3527, 3, 1, '2021-01-10 12:13:25'),
(3528, 3, 30, '2021-01-10 12:13:26'),
(3529, 3, 32, '2021-01-10 12:13:28'),
(3530, 3, 2, '2021-01-10 12:18:18'),
(3531, 4, 1, '2021-01-10 12:18:21'),
(3532, 4, 21, '2021-01-10 12:18:52'),
(3533, 4, 20, '2021-01-10 12:24:28'),
(3534, 4, 21, '2021-01-10 12:24:30'),
(3535, 4, 26, '2021-01-10 12:43:17'),
(3536, 4, 24, '2021-01-10 12:52:22'),
(3537, 4, 24, '2021-01-10 12:52:29'),
(3538, 4, 24, '2021-01-10 12:52:32'),
(3539, 4, 24, '2021-01-10 13:33:31'),
(3540, 4, 2, '2021-01-10 13:47:51'),
(3543, 4, 1, '2021-01-10 13:53:38'),
(3544, 4, 2, '2021-01-10 13:53:52'),
(3545, 4, 1, '2021-01-10 14:02:40'),
(3546, 4, 2, '2021-01-10 14:02:43'),
(3547, 8, 1, '2021-01-10 14:37:40'),
(3548, 8, 3, '2021-01-10 14:37:43'),
(3549, 8, 24, '2021-01-10 14:37:44'),
(3550, 8, 39, '2021-01-10 14:37:45'),
(3551, 8, 24, '2021-01-10 14:37:46'),
(3552, 8, 3, '2021-01-10 14:37:47'),
(3553, 8, 24, '2021-01-10 14:37:49'),
(3554, 8, 3, '2021-01-10 14:37:50'),
(3555, 8, 26, '2021-01-10 14:37:58'),
(3556, 8, 39, '2021-01-10 14:37:59'),
(3557, 8, 2, '2021-01-10 14:38:01'),
(3558, 4, 1, '2021-01-10 14:38:06'),
(3559, 4, 2, '2021-01-10 14:38:24'),
(3560, 4, 1, '2021-01-10 14:59:21'),
(3561, 4, 2, '2021-01-10 15:04:56'),
(3562, 1, 1, '2021-01-10 15:05:02'),
(3563, 1, 3, '2021-01-10 15:06:03'),
(3564, 1, 2, '2021-01-10 15:06:05'),
(3565, 1, 1, '2021-01-10 15:06:10'),
(3566, 1, 2, '2021-01-10 15:06:14'),
(3567, 1, 1, '2021-01-10 15:06:19'),
(3568, 1, 2, '2021-01-10 15:06:24'),
(3569, 1, 1, '2021-01-10 15:09:23'),
(3570, 1, 2, '2021-01-10 15:09:59'),
(3571, 8, 1, '2021-01-10 15:10:16'),
(3572, 8, 26, '2021-01-10 15:10:26'),
(3573, 8, 3, '2021-01-10 15:10:28'),
(3574, 8, 24, '2021-01-10 15:10:29'),
(3575, 8, 39, '2021-01-10 15:10:30'),
(3576, 8, 2, '2021-01-10 15:10:31'),
(3577, 4, 1, '2021-01-10 15:10:36'),
(3578, 4, 2, '2021-01-10 15:11:41'),
(3579, 1, 1, '2021-01-10 15:20:48'),
(3580, 1, 2, '2021-01-10 15:20:49'),
(3581, 4, 1, '2021-01-10 15:20:54'),
(3582, 4, 21, '2021-01-10 15:22:14'),
(3583, 4, 20, '2021-01-10 15:22:19'),
(3584, 4, 26, '2021-01-10 15:22:24'),
(3585, 4, 26, '2021-01-10 15:23:08'),
(3586, 4, 26, '2021-01-10 15:23:09'),
(3587, 4, 26, '2021-01-10 15:23:09'),
(3588, 4, 26, '2021-01-10 15:23:09'),
(3589, 4, 26, '2021-01-10 15:23:10'),
(3590, 4, 26, '2021-01-10 15:23:10'),
(3591, 4, 26, '2021-01-10 15:23:11'),
(3592, 4, 26, '2021-01-10 15:23:24'),
(3593, 4, 26, '2021-01-10 15:23:31'),
(3594, 4, 26, '2021-01-10 15:23:32'),
(3595, 4, 21, '2021-01-10 15:24:14'),
(3596, 4, 24, '2021-01-10 15:24:14'),
(3597, 4, 21, '2021-01-10 15:24:15'),
(3598, 4, 24, '2021-01-10 15:24:17'),
(3599, 4, 26, '2021-01-10 15:24:19'),
(3600, 4, 27, '2021-01-10 15:24:23'),
(3601, 4, 28, '2021-01-10 15:24:29'),
(3602, 4, 27, '2021-01-10 15:24:31'),
(3603, 4, 26, '2021-01-10 15:24:36'),
(3604, 4, 6, '2021-01-10 15:24:46'),
(3605, 4, 20, '2021-01-10 15:24:48'),
(3606, 4, 26, '2021-01-10 15:24:49'),
(3607, 4, 21, '2021-01-10 15:24:57'),
(3608, 4, 29, '2021-01-10 15:25:02'),
(3609, 4, 22, '2021-01-10 15:25:03'),
(3610, 4, 21, '2021-01-10 15:25:03'),
(3611, 4, 26, '2021-01-10 15:25:05'),
(3612, 4, 27, '2021-01-10 15:25:10'),
(3613, 4, 26, '2021-01-10 15:25:20'),
(3614, 4, 21, '2021-01-10 15:25:31'),
(3615, 4, 21, '2021-01-10 15:25:50'),
(3616, 4, 24, '2021-01-10 15:26:06'),
(3617, 4, 26, '2021-01-10 15:26:18'),
(3618, 4, 25, '2021-01-10 15:26:29'),
(3619, 4, 35, '2021-01-10 15:26:36'),
(3620, 4, 25, '2021-01-10 15:26:36'),
(3621, 4, 25, '2021-01-10 15:27:18'),
(3622, 4, 26, '2021-01-10 15:27:36'),
(3623, 4, 27, '2021-01-10 15:27:42'),
(3624, 4, 26, '2021-01-10 15:27:43'),
(3625, 4, 23, '2021-01-10 15:27:45'),
(3626, 4, 26, '2021-01-10 15:27:45'),
(3627, 4, 20, '2021-01-10 15:27:52'),
(3628, 4, 20, '2021-01-10 15:28:14'),
(3629, 4, 20, '2021-01-10 15:28:33'),
(3630, 4, 20, '2021-01-10 15:28:36'),
(3631, 4, 20, '2021-01-10 15:28:37'),
(3632, 4, 20, '2021-01-10 15:28:49'),
(3633, 4, 20, '2021-01-10 15:28:50'),
(3634, 4, 20, '2021-01-10 15:29:04'),
(3635, 4, 20, '2021-01-10 15:29:05'),
(3636, 4, 20, '2021-01-10 15:29:19'),
(3637, 4, 20, '2021-01-10 15:29:32'),
(3638, 4, 20, '2021-01-10 15:29:36'),
(3639, 4, 20, '2021-01-10 15:29:44'),
(3640, 4, 20, '2021-01-10 15:29:49'),
(3641, 4, 20, '2021-01-10 15:29:52'),
(3642, 4, 20, '2021-01-10 15:29:59'),
(3643, 4, 6, '2021-01-10 15:30:00'),
(3644, 4, 2, '2021-01-10 15:30:05'),
(3645, 1, 1, '2021-01-10 15:30:14'),
(3646, 1, 3, '2021-01-10 15:30:15'),
(3647, 1, 4, '2021-01-10 15:30:28'),
(3648, 1, 3, '2021-01-10 15:30:29'),
(3649, 1, 2, '2021-01-10 15:30:32'),
(3650, 4, 1, '2021-01-10 15:30:34'),
(3651, 4, 6, '2021-01-10 15:30:38'),
(3652, 4, 6, '2021-01-10 15:31:02'),
(3653, 4, 7, '2021-01-10 15:31:11'),
(3654, 4, 6, '2021-01-10 15:31:35'),
(3655, 4, 39, '2021-01-10 15:31:48'),
(3656, 4, 6, '2021-01-10 15:33:02'),
(3657, 4, 7, '2021-01-10 15:33:06'),
(3658, 4, 6, '2021-01-10 15:33:09'),
(3659, 4, 39, '2021-01-10 15:33:11'),
(3660, 4, 46, '2021-01-10 15:37:04'),
(3661, 4, 46, '2021-01-10 15:37:10'),
(3662, 4, 26, '2021-01-10 15:37:51'),
(3663, 4, 2, '2021-01-10 15:47:24'),
(3664, 1, 1, '2021-01-10 16:22:03'),
(3665, 1, 3, '2021-01-10 17:01:44'),
(3666, 1, 3, '2021-01-10 17:01:50'),
(3667, 1, 3, '2021-01-10 18:14:10'),
(3668, 1, 24, '2021-01-10 18:14:11'),
(3669, 1, 39, '2021-01-10 18:14:12'),
(3670, 1, 26, '2021-01-10 18:14:15'),
(3671, 1, 26, '2021-01-10 18:14:18'),
(3672, 1, 25, '2021-01-10 18:14:21'),
(3673, 1, 26, '2021-01-10 18:14:25'),
(3674, 1, 2, '2021-01-10 18:15:05'),
(3675, 1, 1, '2021-01-10 18:34:14'),
(3676, 1, 2, '2021-01-10 18:35:12'),
(3677, 4, 1, '2021-01-10 21:02:58'),
(3678, 4, 21, '2021-01-10 21:03:08'),
(3679, 4, 24, '2021-01-10 21:03:12'),
(3680, 4, 26, '2021-01-10 21:03:14'),
(3681, 4, 20, '2021-01-10 21:03:15'),
(3682, 4, 6, '2021-01-10 21:03:17'),
(3683, 4, 39, '2021-01-10 21:03:21'),
(3684, 4, 39, '2021-01-10 21:03:52'),
(3685, 4, 2, '2021-01-10 21:07:06'),
(3686, 1, 1, '2021-01-10 21:07:11'),
(3687, 1, 2, '2021-01-10 21:07:18'),
(3688, 4, 1, '2021-01-10 21:07:23'),
(3689, 4, 21, '2021-01-10 21:10:02'),
(3690, 4, 21, '2021-01-10 21:10:02'),
(3691, 4, 39, '2021-01-10 21:12:41'),
(3692, 4, 39, '2021-01-10 21:12:42'),
(3693, 4, 24, '2021-01-10 21:12:53'),
(3694, 4, 2, '2021-01-10 21:14:57'),
(3695, 9, 1, '2021-01-10 21:15:16'),
(3696, 9, 2, '2021-01-10 21:15:30'),
(3697, 9, 1, '2021-01-10 21:16:37'),
(3698, 9, 46, '2021-01-10 21:53:23'),
(3699, 9, 46, '2021-01-10 21:53:28'),
(3700, 9, 46, '2021-01-10 21:56:57'),
(3701, 9, 46, '2021-01-10 22:11:53'),
(3702, 9, 46, '2021-01-10 22:12:33'),
(3703, 9, 21, '2021-01-10 22:33:09'),
(3704, 9, 29, '2021-01-10 22:33:12'),
(3705, 9, 22, '2021-01-10 22:33:16'),
(3706, 9, 21, '2021-01-10 22:33:17'),
(3707, 9, 29, '2021-01-10 22:33:26'),
(3708, 9, 32, '2021-01-10 22:33:30'),
(3709, 9, 2, '2021-01-10 22:33:37'),
(3710, 2, 1, '2021-01-10 22:33:43'),
(3711, 2, 26, '2021-01-10 22:33:46'),
(3712, 2, 27, '2021-01-10 22:33:54'),
(3713, 2, 26, '2021-01-10 22:33:56'),
(3714, 2, 27, '2021-01-10 22:33:59'),
(3715, 2, 26, '2021-01-10 22:34:01'),
(3716, 2, 2, '2021-01-10 22:34:28'),
(3717, 9, 1, '2021-01-10 22:34:34'),
(3718, 9, 21, '2021-01-10 22:34:55'),
(3719, 9, 29, '2021-01-10 22:35:13'),
(3720, 9, 21, '2021-01-10 22:35:15'),
(3721, 9, 22, '2021-01-10 22:40:01'),
(3722, 9, 21, '2021-01-10 22:40:02'),
(3723, 9, 46, '2021-01-11 08:17:06'),
(3724, 9, 21, '2021-01-11 08:17:18'),
(3725, 9, 20, '2021-01-11 08:17:20'),
(3726, 9, 6, '2021-01-11 08:17:23'),
(3727, 9, 2, '2021-01-11 08:17:25'),
(3728, 9, 1, '2021-01-11 08:17:47'),
(3729, 9, 2, '2021-01-11 08:18:03'),
(3730, 4, 1, '2021-01-11 08:18:08'),
(3731, 4, 24, '2021-01-11 08:20:46'),
(3732, 4, 20, '2021-01-11 08:21:09'),
(3733, 4, 26, '2021-01-11 08:21:32'),
(3734, 4, 27, '2021-01-11 08:21:39'),
(3735, 4, 26, '2021-01-11 08:21:42'),
(3736, 4, 24, '2021-01-11 08:22:23'),
(3737, 4, 26, '2021-01-11 08:22:25'),
(3738, 4, 2, '2021-01-11 08:22:27'),
(3739, 9, 1, '2021-01-11 08:22:32'),
(3740, 9, 1, '2021-01-11 18:38:25'),
(3741, 9, 3, '2021-01-11 18:48:48'),
(3742, 9, 46, '2021-01-11 19:02:41'),
(3743, 9, 21, '2021-01-11 19:02:46'),
(3744, 9, 20, '2021-01-11 22:48:33'),
(3745, 9, 6, '2021-01-11 22:53:24'),
(3746, 9, 30, '2021-01-11 22:53:26'),
(3747, 9, 21, '2021-01-11 22:53:26'),
(3748, 9, 20, '2021-01-11 22:53:28'),
(3749, 9, 46, '2021-01-11 22:53:32'),
(3750, 9, 46, '2021-01-11 22:53:35'),
(3751, 9, 46, '2021-01-11 22:53:43'),
(3752, 9, 20, '2021-01-11 23:28:52'),
(3753, 9, 21, '2021-01-11 23:28:53'),
(3754, 9, 24, '2021-01-11 23:28:56'),
(3755, 9, 39, '2021-01-11 23:28:59'),
(3756, 9, 46, '2021-01-11 23:29:29'),
(3757, 9, 6, '2021-01-12 00:11:13'),
(3758, 9, 30, '2021-01-12 00:11:14'),
(3759, 9, 21, '2021-01-12 00:11:16'),
(3760, 9, 21, '2021-01-12 00:11:26'),
(3761, 9, 20, '2021-01-12 00:11:27'),
(3762, 9, 24, '2021-01-12 00:11:31'),
(3763, 9, 26, '2021-01-12 00:11:35'),
(3764, 9, 26, '2021-01-12 00:12:11'),
(3765, 9, 46, '2021-01-12 09:25:50'),
(3766, 9, 30, '2021-01-12 09:25:57'),
(3767, 9, 21, '2021-01-12 09:25:59'),
(3768, 9, 21, '2021-01-12 09:26:06'),
(3769, 9, 21, '2021-01-12 09:26:12'),
(3770, 9, 2, '2021-01-12 09:29:44'),
(3771, 9, 1, '2021-01-12 09:30:55'),
(3772, 9, 2, '2021-01-12 10:03:54'),
(3773, 9, 1, '2021-01-12 10:18:33'),
(3774, 9, 46, '2021-01-12 10:28:03'),
(3775, 9, 46, '2021-01-12 10:31:28'),
(3776, 9, 46, '2021-01-12 10:31:40'),
(3777, 9, 46, '2021-01-12 10:35:57'),
(3778, 9, 46, '2021-01-12 10:36:07'),
(3779, 9, 46, '2021-01-12 11:50:19'),
(3780, 9, 2, '2021-01-12 12:12:43'),
(3781, 9, 1, '2021-01-12 12:12:54'),
(3782, 9, 2, '2021-01-12 12:14:09'),
(3783, 9, 1, '2021-01-12 12:14:51'),
(3784, 9, 20, '2021-01-12 12:15:04'),
(3785, 9, 46, '2021-01-12 12:15:37'),
(3786, 9, 2, '2021-01-12 12:22:02'),
(3787, 9, 1, '2021-01-12 12:22:10'),
(3788, 9, 2, '2021-01-12 12:30:28'),
(3789, 9, 1, '2021-01-12 12:30:36'),
(3790, 9, 2, '2021-01-12 12:32:14'),
(3791, 8, 1, '2021-01-12 12:32:17'),
(3792, 8, 2, '2021-01-12 12:32:43'),
(3793, 9, 1, '2021-01-12 12:32:49'),
(3794, 9, 20, '2021-01-12 12:34:07'),
(3795, 9, 46, '2021-01-12 12:43:50'),
(3796, 9, 2, '2021-01-12 13:09:58'),
(3797, 9, 1, '2021-01-12 13:17:20'),
(3798, 9, 2, '2021-01-12 13:23:08'),
(3799, 8, 1, '2021-01-12 13:23:11'),
(3800, 8, 2, '2021-01-12 13:23:14'),
(3801, 1, 1, '2021-01-12 13:24:25'),
(3802, 1, 2, '2021-01-12 13:24:28'),
(3803, 9, 1, '2021-01-12 13:24:42'),
(3804, 9, 46, '2021-01-12 13:24:44'),
(3805, 9, 2, '2021-01-12 13:25:02'),
(3806, 1, 1, '2021-01-12 13:26:13'),
(3807, 1, 2, '2021-01-12 13:26:20'),
(3808, 3, 1, '2021-01-12 13:28:28'),
(3809, 3, 2, '2021-01-12 13:28:37'),
(3810, 9, 1, '2021-01-12 13:29:11'),
(3811, 9, 20, '2021-01-12 13:29:21'),
(3812, 9, 2, '2021-01-12 13:29:36'),
(3813, 9, 1, '2021-01-12 18:36:55'),
(3814, 9, 46, '2021-01-12 18:37:21'),
(3815, 9, 46, '2021-01-12 18:37:38'),
(3816, 9, 2, '2021-01-12 18:43:13'),
(3817, 9, 1, '2021-01-12 18:43:21'),
(3818, 9, 46, '2021-01-12 19:21:35'),
(3819, 9, 46, '2021-01-12 19:58:10'),
(3820, 9, 39, '2021-01-12 20:07:34'),
(3821, 9, 38, '2021-01-12 20:07:59'),
(3822, 9, 43, '2021-01-12 20:08:09'),
(3823, 9, 44, '2021-01-12 20:08:38'),
(3824, 9, 43, '2021-01-12 20:08:38'),
(3825, 9, 38, '2021-01-12 20:08:47'),
(3826, 9, 39, '2021-01-12 20:09:31'),
(3827, 9, 39, '2021-01-12 20:09:47'),
(3828, 9, 43, '2021-01-12 20:09:54'),
(3829, 9, 44, '2021-01-12 20:09:59'),
(3830, 9, 43, '2021-01-12 20:09:59'),
(3831, 9, 43, '2021-01-12 20:10:04'),
(3832, 9, 44, '2021-01-12 20:10:07'),
(3833, 9, 43, '2021-01-12 20:10:07'),
(3834, 9, 38, '2021-01-12 20:18:45'),
(3835, 9, 39, '2021-01-12 22:59:32'),
(3836, 9, 3, '2021-01-12 23:04:42'),
(3837, 9, 39, '2021-01-12 23:04:55'),
(3838, 9, 39, '2021-01-12 23:05:57'),
(3839, 9, 39, '2021-01-12 23:06:02'),
(3840, 9, 39, '2021-01-12 23:06:29'),
(3841, 9, 39, '2021-01-12 23:06:41'),
(3842, 9, 39, '2021-01-12 23:07:23'),
(3843, 9, 39, '2021-01-12 23:07:49'),
(3844, 9, 39, '2021-01-12 23:08:00'),
(3845, 9, 39, '2021-01-12 23:08:34'),
(3846, 9, 39, '2021-01-12 23:08:47'),
(3847, 9, 39, '2021-01-12 23:08:56'),
(3848, 9, 2, '2021-01-12 23:09:35'),
(3849, 9, 1, '2021-01-12 23:09:47'),
(3850, 9, 2, '2021-01-12 23:10:01'),
(3851, 9, 1, '2021-01-12 23:10:43'),
(3852, 9, 3, '2021-01-12 23:11:14'),
(3853, 9, 26, '2021-01-12 23:11:19'),
(3854, 9, 46, '2021-01-12 23:11:25'),
(3855, 9, 46, '2021-01-12 23:11:44'),
(3856, 9, 46, '2021-01-12 23:11:45'),
(3857, 9, 46, '2021-01-12 23:22:24'),
(3858, 9, 46, '2021-01-12 23:22:27'),
(3859, 9, 46, '2021-01-12 23:23:09'),
(3860, 9, 46, '2021-01-12 23:23:11'),
(3861, 9, 43, '2021-01-12 23:27:21'),
(3862, 9, 38, '2021-01-12 23:27:46'),
(3863, 9, 38, '2021-01-12 23:28:00'),
(3864, 9, 38, '2021-01-12 23:28:17'),
(3865, 9, 38, '2021-01-12 23:28:37'),
(3866, 9, 43, '2021-01-12 23:28:40'),
(3867, 9, 43, '2021-01-12 23:28:43'),
(3868, 9, 43, '2021-01-12 23:29:10'),
(3869, 9, 38, '2021-01-12 23:29:14'),
(3870, 9, 43, '2021-01-12 23:29:16'),
(3871, 9, 43, '2021-01-12 23:29:26'),
(3872, 9, 38, '2021-01-12 23:29:31'),
(3873, 9, 38, '2021-01-12 23:29:47'),
(3874, 9, 43, '2021-01-12 23:29:51'),
(3875, 9, 43, '2021-01-12 23:29:59'),
(3876, 9, 43, '2021-01-12 23:31:09'),
(3877, 9, 43, '2021-01-12 23:31:16'),
(3878, 9, 38, '2021-01-12 23:31:22'),
(3879, 9, 20, '2021-01-12 23:31:47'),
(3880, 9, 21, '2021-01-12 23:31:50'),
(3881, 9, 30, '2021-01-12 23:31:51'),
(3882, 9, 6, '2021-01-12 23:31:53'),
(3883, 9, 24, '2021-01-12 23:32:00'),
(3884, 9, 26, '2021-01-12 23:32:09'),
(3885, 9, 20, '2021-01-12 23:32:15'),
(3886, 9, 20, '2021-01-12 23:32:20'),
(3887, 9, 20, '2021-01-12 23:32:59'),
(3888, 9, 20, '2021-01-12 23:33:15'),
(3889, 9, 19, '2021-01-12 23:33:17'),
(3890, 9, 20, '2021-01-12 23:33:19'),
(3891, 9, 20, '2021-01-12 23:33:22'),
(3892, 9, 3, '2021-01-12 23:33:50'),
(3893, 9, 39, '2021-01-12 23:43:30'),
(3894, 9, 21, '2021-01-13 00:08:34'),
(3895, 9, 29, '2021-01-13 00:08:36'),
(3896, 9, 21, '2021-01-13 00:08:40'),
(3897, 9, 21, '2021-01-13 00:08:42'),
(3898, 9, 29, '2021-01-13 00:08:43'),
(3899, 9, 21, '2021-01-13 00:08:44'),
(3900, 9, 29, '2021-01-13 00:08:45'),
(3901, 9, 29, '2021-01-13 00:08:58'),
(3902, 9, 29, '2021-01-13 00:08:59'),
(3903, 9, 21, '2021-01-13 00:09:00'),
(3904, 9, 21, '2021-01-13 00:09:00'),
(3905, 9, 29, '2021-01-13 00:09:01'),
(3906, 9, 29, '2021-01-13 00:09:01'),
(3907, 9, 29, '2021-01-13 00:09:01'),
(3908, 9, 29, '2021-01-13 00:09:12'),
(3909, 9, 29, '2021-01-13 00:09:13'),
(3910, 9, 29, '2021-01-13 00:09:13'),
(3911, 9, 21, '2021-01-13 00:09:13'),
(3912, 9, 21, '2021-01-13 00:09:14'),
(3913, 9, 29, '2021-01-13 00:09:15'),
(3914, 9, 29, '2021-01-13 00:09:15'),
(3915, 9, 29, '2021-01-13 00:09:28'),
(3916, 9, 29, '2021-01-13 00:09:29'),
(3917, 9, 29, '2021-01-13 00:09:29'),
(3918, 9, 29, '2021-01-13 00:09:29'),
(3919, 9, 29, '2021-01-13 00:09:31'),
(3920, 9, 46, '2021-01-13 00:09:31'),
(3921, 9, 20, '2021-01-13 00:09:34'),
(3922, 9, 21, '2021-01-13 00:09:34'),
(3923, 9, 29, '2021-01-13 00:09:35'),
(3924, 9, 29, '2021-01-13 00:09:36'),
(3925, 9, 29, '2021-01-13 00:09:45'),
(3926, 9, 29, '2021-01-13 00:09:45'),
(3927, 9, 29, '2021-01-13 00:09:45'),
(3928, 9, 29, '2021-01-13 00:09:50'),
(3929, 9, 29, '2021-01-13 00:09:50'),
(3930, 9, 29, '2021-01-13 00:10:12'),
(3931, 9, 29, '2021-01-13 00:10:13'),
(3932, 9, 29, '2021-01-13 00:10:13'),
(3933, 9, 29, '2021-01-13 00:10:14'),
(3934, 9, 29, '2021-01-13 00:12:20'),
(3935, 9, 29, '2021-01-13 00:12:21'),
(3936, 9, 20, '2021-01-13 00:21:40'),
(3937, 9, 20, '2021-01-13 00:21:46'),
(3938, 9, 20, '2021-01-13 00:21:48'),
(3939, 9, 20, '2021-01-13 00:21:50'),
(3940, 9, 20, '2021-01-13 00:22:57'),
(3941, 9, 20, '2021-01-13 00:23:46'),
(3942, 9, 20, '2021-01-13 00:23:48'),
(3943, 9, 20, '2021-01-13 00:23:50'),
(3944, 9, 20, '2021-01-13 00:23:53'),
(3945, 9, 20, '2021-01-13 00:24:04'),
(3946, 9, 21, '2021-01-13 00:26:16'),
(3947, 9, 29, '2021-01-13 00:26:17'),
(3948, 9, 29, '2021-01-13 00:26:41'),
(3949, 9, 29, '2021-01-13 00:26:42'),
(3950, 9, 29, '2021-01-13 00:26:43'),
(3951, 9, 21, '2021-01-13 00:26:43'),
(3952, 9, 29, '2021-01-13 00:26:44'),
(3953, 9, 21, '2021-01-13 00:26:47'),
(3954, 9, 29, '2021-01-13 00:26:51'),
(3955, 9, 21, '2021-01-13 00:26:53'),
(3956, 9, 21, '2021-01-13 00:27:29'),
(3957, 9, 29, '2021-01-13 00:27:30'),
(3958, 9, 21, '2021-01-13 00:27:32'),
(3959, 9, 29, '2021-01-13 00:27:33'),
(3960, 9, 21, '2021-01-13 00:27:37'),
(3961, 9, 21, '2021-01-13 00:33:19'),
(3962, 9, 29, '2021-01-13 00:33:22'),
(3963, 9, 21, '2021-01-13 00:33:24'),
(3964, 9, 29, '2021-01-13 00:33:25'),
(3965, 9, 21, '2021-01-13 00:33:26'),
(3966, 9, 2, '2021-01-13 00:34:29'),
(3967, 3, 1, '2021-01-13 00:34:32'),
(3968, 3, 30, '2021-01-13 00:34:33'),
(3969, 3, 32, '2021-01-13 00:34:34'),
(3970, 3, 30, '2021-01-13 00:34:38'),
(3971, 3, 32, '2021-01-13 00:34:39'),
(3972, 3, 30, '2021-01-13 00:34:41'),
(3973, 3, 2, '2021-01-13 00:34:56'),
(3974, 4, 1, '2021-01-13 00:34:58'),
(3975, 4, 24, '2021-01-13 00:35:00'),
(3976, 4, 21, '2021-01-13 00:35:01'),
(3977, 4, 29, '2021-01-13 00:35:02'),
(3978, 4, 32, '2021-01-13 00:35:04'),
(3979, 4, 29, '2021-01-13 00:35:09'),
(3980, 4, 32, '2021-01-13 00:35:10'),
(3981, 4, 29, '2021-01-13 00:35:11'),
(3982, 4, 21, '2021-01-13 00:35:11'),
(3983, 4, 29, '2021-01-13 00:35:13'),
(3984, 4, 32, '2021-01-13 00:35:14'),
(3985, 4, 29, '2021-01-13 00:35:25'),
(3986, 4, 21, '2021-01-13 00:35:30'),
(3987, 4, 21, '2021-01-13 00:43:54'),
(3988, 4, 29, '2021-01-13 00:43:56'),
(3989, 4, 21, '2021-01-13 00:43:57'),
(3990, 4, 21, '2021-01-13 00:43:58'),
(3991, 4, 24, '2021-01-13 00:43:59'),
(3992, 4, 20, '2021-01-13 00:44:00'),
(3993, 4, 6, '2021-01-13 00:44:01'),
(3994, 4, 6, '2021-01-13 00:44:03'),
(3995, 4, 21, '2021-01-13 00:44:05'),
(3996, 4, 24, '2021-01-13 00:44:06'),
(3997, 4, 20, '2021-01-13 00:44:07'),
(3998, 4, 6, '2021-01-13 00:44:09'),
(3999, 4, 20, '2021-01-13 00:44:09'),
(4000, 4, 26, '2021-01-13 00:44:10'),
(4001, 4, 24, '2021-01-13 00:44:11'),
(4002, 4, 21, '2021-01-13 00:44:12'),
(4003, 4, 24, '2021-01-13 00:44:12'),
(4004, 4, 26, '2021-01-13 00:44:13'),
(4005, 4, 27, '2021-01-13 00:44:16'),
(4006, 4, 28, '2021-01-13 00:44:18'),
(4007, 4, 27, '2021-01-13 00:44:22'),
(4008, 4, 26, '2021-01-13 00:44:23'),
(4009, 4, 27, '2021-01-13 00:44:24'),
(4010, 4, 28, '2021-01-13 00:44:26'),
(4011, 4, 27, '2021-01-13 00:44:28'),
(4012, 4, 26, '2021-01-13 00:44:29'),
(4013, 4, 20, '2021-01-13 00:44:31'),
(4014, 4, 21, '2021-01-13 00:44:31'),
(4015, 4, 29, '2021-01-13 00:44:33'),
(4016, 4, 32, '2021-01-13 00:44:37'),
(4017, 4, 29, '2021-01-13 00:44:39'),
(4018, 4, 26, '2021-01-13 00:44:44'),
(4019, 4, 25, '2021-01-13 00:44:45'),
(4020, 4, 26, '2021-01-13 00:44:50'),
(4021, 4, 27, '2021-01-13 00:44:53'),
(4022, 4, 28, '2021-01-13 00:44:54'),
(4023, 4, 27, '2021-01-13 00:44:56'),
(4024, 4, 39, '2021-01-13 00:44:58'),
(4025, 4, 21, '2021-01-13 00:45:03'),
(4026, 4, 29, '2021-01-13 00:45:04'),
(4027, 4, 21, '2021-01-13 00:45:06'),
(4028, 4, 46, '2021-01-13 00:45:13'),
(4029, 4, 46, '2021-01-13 00:45:17'),
(4030, 4, 6, '2021-01-13 00:46:02'),
(4031, 4, 7, '2021-01-13 00:46:04'),
(4032, 4, 6, '2021-01-13 00:46:06'),
(4033, 4, 7, '2021-01-13 00:46:07'),
(4034, 4, 6, '2021-01-13 00:46:07'),
(4035, 4, 26, '2021-01-13 00:46:08'),
(4036, 4, 24, '2021-01-13 00:46:09'),
(4037, 4, 21, '2021-01-13 00:46:10'),
(4038, 4, 2, '2021-01-13 00:46:12'),
(4039, 9, 1, '2021-01-13 00:46:20'),
(4040, 9, 46, '2021-01-13 00:46:21'),
(4041, 9, 46, '2021-01-13 00:46:24'),
(4042, 9, 46, '2021-01-13 00:46:26'),
(4043, 9, 46, '2021-01-13 00:53:12'),
(4044, 9, 30, '2021-01-13 00:53:15'),
(4045, 9, 6, '2021-01-13 00:53:16'),
(4046, 9, 7, '2021-01-13 00:53:17'),
(4047, 9, 6, '2021-01-13 00:53:19'),
(4048, 9, 7, '2021-01-13 00:53:20'),
(4049, 9, 6, '2021-01-13 00:53:25'),
(4050, 9, 20, '2021-01-13 00:53:46'),
(4051, 9, 20, '2021-01-13 00:53:48'),
(4052, 9, 20, '2021-01-13 00:53:49'),
(4053, 9, 19, '2021-01-13 00:53:50'),
(4054, 9, 20, '2021-01-13 00:53:51'),
(4055, 9, 21, '2021-01-13 00:53:55'),
(4056, 9, 29, '2021-01-13 00:53:57'),
(4057, 9, 21, '2021-01-13 00:53:58'),
(4058, 9, 30, '2021-01-13 00:54:01'),
(4059, 9, 21, '2021-01-13 00:54:02'),
(4060, 9, 21, '2021-01-13 00:54:09'),
(4061, 9, 21, '2021-01-13 00:54:33'),
(4062, 9, 21, '2021-01-13 00:54:34'),
(4063, 9, 24, '2021-01-13 00:54:39'),
(4064, 9, 39, '2021-01-13 00:54:41'),
(4065, 9, 39, '2021-01-13 00:54:52'),
(4066, 9, 39, '2021-01-13 00:57:19'),
(4067, 9, 46, '2021-01-13 01:02:03'),
(4068, 9, 20, '2021-01-13 01:02:06'),
(4069, 9, 21, '2021-01-13 01:02:09'),
(4070, 9, 29, '2021-01-13 01:02:12'),
(4071, 9, 32, '2021-01-13 01:03:10'),
(4072, 9, 29, '2021-01-13 01:03:19'),
(4073, 9, 21, '2021-01-13 01:03:21'),
(4074, 9, 26, '2021-01-13 01:03:23'),
(4075, 9, 21, '2021-01-13 01:03:24'),
(4076, 9, 20, '2021-01-13 01:03:25'),
(4077, 9, 21, '2021-01-13 01:03:58'),
(4078, 9, 30, '2021-01-13 01:04:00'),
(4079, 9, 6, '2021-01-13 01:04:02'),
(4080, 9, 7, '2021-01-13 01:04:04'),
(4081, 9, 46, '2021-01-13 07:45:26'),
(4082, 9, 30, '2021-01-13 07:56:17'),
(4083, 9, 30, '2021-01-13 07:56:24'),
(4084, 9, 46, '2021-01-13 07:56:52'),
(4085, 9, 46, '2021-01-13 07:56:58'),
(4086, 9, 46, '2021-01-13 07:58:38'),
(4087, 9, 46, '2021-01-13 07:59:22'),
(4088, 9, 46, '2021-01-13 07:59:29'),
(4089, 9, 46, '2021-01-13 07:59:52'),
(4090, 9, 46, '2021-01-13 07:59:58'),
(4091, 9, 21, '2021-01-13 08:00:54'),
(4092, 9, 29, '2021-01-13 08:01:07'),
(4093, 9, 46, '2021-01-13 08:03:17'),
(4094, 9, 20, '2021-01-13 08:03:24'),
(4095, 9, 21, '2021-01-13 08:03:25'),
(4096, 9, 29, '2021-01-13 08:03:28'),
(4097, 9, 29, '2021-01-13 08:03:42'),
(4098, 9, 29, '2021-01-13 08:03:56'),
(4099, 9, 21, '2021-01-13 08:04:52'),
(4100, 9, 20, '2021-01-13 08:04:58'),
(4101, 9, 26, '2021-01-13 08:05:02'),
(4102, 9, 20, '2021-01-13 08:05:12'),
(4103, 9, 30, '2021-01-13 08:05:13'),
(4104, 9, 46, '2021-01-13 08:05:14'),
(4105, 9, 46, '2021-01-13 08:05:20'),
(4106, 9, 46, '2021-01-13 08:08:24'),
(4107, 9, 46, '2021-01-13 08:12:20'),
(4108, 9, 46, '2021-01-13 08:12:21'),
(4109, 9, 46, '2021-01-13 08:12:27'),
(4110, 9, 46, '2021-01-13 08:13:01'),
(4111, 9, 46, '2021-01-13 08:13:26'),
(4112, 9, 46, '2021-01-13 08:13:48'),
(4113, 9, 46, '2021-01-13 08:13:49'),
(4114, 9, 46, '2021-01-13 08:13:58'),
(4115, 9, 46, '2021-01-13 08:14:08'),
(4116, 9, 46, '2021-01-13 08:14:22'),
(4117, 9, 46, '2021-01-13 08:17:51'),
(4118, 9, 46, '2021-01-13 08:17:55'),
(4119, 9, 46, '2021-01-13 08:21:00'),
(4120, 9, 46, '2021-01-13 08:21:02'),
(4121, 9, 46, '2021-01-13 08:21:10'),
(4122, 9, 46, '2021-01-13 08:25:49'),
(4123, 9, 46, '2021-01-13 08:25:50'),
(4124, 9, 46, '2021-01-13 09:29:25'),
(4125, 9, 46, '2021-01-13 09:36:38'),
(4126, 9, 46, '2021-01-13 09:36:42'),
(4127, 9, 46, '2021-01-13 09:37:11'),
(4128, 9, 6, '2021-01-13 09:42:49'),
(4129, 9, 30, '2021-01-13 09:42:50'),
(4130, 9, 30, '2021-01-13 09:42:50'),
(4131, 9, 20, '2021-01-13 09:42:51'),
(4132, 9, 46, '2021-01-13 09:42:54'),
(4133, 9, 46, '2021-01-13 09:43:03'),
(4134, 9, 46, '2021-01-13 09:43:08'),
(4135, 9, 46, '2021-01-13 09:48:00'),
(4136, 9, 46, '2021-01-13 09:48:04'),
(4137, 9, 46, '2021-01-13 10:19:45'),
(4138, 9, 38, '2021-01-13 10:23:30'),
(4139, 9, 46, '2021-01-13 10:25:42'),
(4140, 9, 46, '2021-01-13 10:25:46'),
(4141, 9, 46, '2021-01-13 10:26:39'),
(4142, 9, 46, '2021-01-13 10:28:01'),
(4143, 9, 46, '2021-01-13 10:29:44'),
(4144, 9, 46, '2021-01-13 10:29:53'),
(4145, 9, 46, '2021-01-13 10:29:54'),
(4146, 9, 46, '2021-01-13 10:29:57'),
(4147, 9, 46, '2021-01-13 10:29:59'),
(4148, 9, 46, '2021-01-13 10:30:01'),
(4149, 9, 20, '2021-01-13 10:30:15'),
(4150, 9, 19, '2021-01-13 10:30:17'),
(4151, 9, 20, '2021-01-13 10:30:19'),
(4152, 9, 20, '2021-01-13 10:30:21'),
(4153, 9, 21, '2021-01-13 10:30:23'),
(4154, 9, 20, '2021-01-13 10:30:26'),
(4155, 9, 30, '2021-01-13 10:30:29'),
(4156, 9, 6, '2021-01-13 10:30:34'),
(4157, 9, 21, '2021-01-13 10:32:41'),
(4158, 9, 24, '2021-01-13 10:32:42'),
(4159, 9, 39, '2021-01-13 10:32:54'),
(4160, 9, 39, '2021-01-13 10:32:58'),
(4161, 9, 39, '2021-01-13 10:33:19'),
(4162, 9, 39, '2021-01-13 10:34:27'),
(4163, 9, 39, '2021-01-13 10:34:28'),
(4164, 9, 39, '2021-01-13 10:34:43'),
(4165, 9, 39, '2021-01-13 10:35:02'),
(4166, 9, 3, '2021-01-13 10:35:05'),
(4167, 9, 46, '2021-01-13 10:41:14'),
(4168, 9, 46, '2021-01-13 10:42:38'),
(4169, 9, 46, '2021-01-13 10:43:04'),
(4170, 9, 38, '2021-01-13 10:45:49'),
(4171, 9, 39, '2021-01-13 10:47:09'),
(4172, 9, 39, '2021-01-13 10:51:11'),
(4173, 9, 39, '2021-01-13 10:52:14'),
(4174, 9, 39, '2021-01-13 10:52:15'),
(4175, 9, 2, '2021-01-13 11:00:06'),
(4176, 8, 1, '2021-01-13 11:00:15'),
(4177, 8, 21, '2021-01-13 11:01:45'),
(4178, 8, 20, '2021-01-13 11:01:49'),
(4179, 8, 46, '2021-01-13 11:02:05'),
(4180, 8, 46, '2021-01-13 11:02:07'),
(4181, 8, 46, '2021-01-13 11:02:22'),
(4182, 8, 46, '2021-01-13 11:02:26'),
(4183, 8, 46, '2021-01-13 11:02:38'),
(4184, 8, 20, '2021-01-13 11:02:43'),
(4185, 8, 20, '2021-01-13 11:02:52'),
(4186, 8, 19, '2021-01-13 11:02:52'),
(4187, 8, 20, '2021-01-13 11:02:54'),
(4188, 8, 21, '2021-01-13 11:03:00'),
(4189, 8, 24, '2021-01-13 11:03:05'),
(4190, 8, 34, '2021-01-13 11:05:05'),
(4191, 8, 34, '2021-01-13 11:07:25'),
(4192, 8, 24, '2021-01-13 11:07:54'),
(4193, 8, 21, '2021-01-13 11:07:55'),
(4194, 8, 24, '2021-01-13 11:07:56'),
(4195, 8, 24, '2021-01-13 11:08:05'),
(4196, 8, 34, '2021-01-13 11:08:23'),
(4197, 8, 21, '2021-01-13 11:08:46'),
(4198, 8, 24, '2021-01-13 11:08:49'),
(4199, 8, 24, '2021-01-13 11:08:50'),
(4200, 8, 21, '2021-01-13 11:08:52'),
(4201, 8, 24, '2021-01-13 11:08:53'),
(4202, 8, 34, '2021-01-13 11:09:18'),
(4203, 8, 24, '2021-01-13 11:09:24'),
(4204, 8, 34, '2021-01-13 11:11:54'),
(4205, 8, 34, '2021-01-13 11:12:15'),
(4206, 8, 34, '2021-01-13 11:12:42'),
(4207, 8, 34, '2021-01-13 11:12:53'),
(4208, 8, 34, '2021-01-13 11:13:09'),
(4209, 8, 34, '2021-01-13 11:13:17'),
(4210, 8, 34, '2021-01-13 11:13:26'),
(4211, 8, 34, '2021-01-13 11:13:33'),
(4212, 8, 34, '2021-01-13 11:13:54'),
(4213, 8, 34, '2021-01-13 11:14:01'),
(4214, 8, 34, '2021-01-13 11:15:00'),
(4215, 8, 34, '2021-01-13 11:15:22'),
(4216, 8, 24, '2021-01-13 11:16:02'),
(4217, 8, 24, '2021-01-13 11:16:05'),
(4218, 8, 34, '2021-01-13 11:17:07'),
(4219, 8, 34, '2021-01-13 11:17:28'),
(4220, 8, 26, '2021-01-13 11:17:29'),
(4221, 8, 27, '2021-01-13 11:17:32'),
(4222, 8, 26, '2021-01-13 11:17:33'),
(4223, 8, 25, '2021-01-13 11:17:35'),
(4224, 8, 26, '2021-01-13 11:17:37'),
(4225, 8, 21, '2021-01-13 11:17:44'),
(4226, 8, 24, '2021-01-13 11:17:50'),
(4227, 8, 26, '2021-01-13 11:17:52'),
(4228, 8, 27, '2021-01-13 11:17:54'),
(4229, 8, 26, '2021-01-13 11:17:54'),
(4230, 8, 21, '2021-01-13 11:17:56'),
(4231, 8, 29, '2021-01-13 11:17:58'),
(4232, 8, 37, '2021-01-13 11:18:00'),
(4233, 8, 29, '2021-01-13 11:18:01'),
(4234, 8, 29, '2021-01-13 11:19:34'),
(4235, 8, 29, '2021-01-13 11:19:35'),
(4236, 8, 29, '2021-01-13 11:19:36'),
(4237, 8, 29, '2021-01-13 11:20:15'),
(4238, 8, 3, '2021-01-13 11:20:19'),
(4239, 8, 21, '2021-01-13 11:20:23'),
(4240, 8, 29, '2021-01-13 11:20:24'),
(4241, 8, 32, '2021-01-13 11:20:32'),
(4242, 8, 29, '2021-01-13 11:21:02'),
(4243, 8, 26, '2021-01-13 11:21:05'),
(4244, 8, 27, '2021-01-13 11:21:09'),
(4245, 8, 26, '2021-01-13 11:21:13'),
(4246, 8, 27, '2021-01-13 11:21:15'),
(4247, 8, 28, '2021-01-13 11:21:19'),
(4248, 8, 2, '2021-01-13 11:21:24'),
(4249, 3, 1, '2021-01-13 11:21:30');
INSERT INTO `log` (`ID`, `UserID`, `FunctionID`, `DateTimeStamp`) VALUES
(4250, 3, 30, '2021-01-13 11:21:36'),
(4251, 3, 32, '2021-01-13 11:21:43'),
(4252, 3, 36, '2021-01-13 11:22:02'),
(4253, 3, 32, '2021-01-13 11:22:02'),
(4254, 3, 2, '2021-01-13 11:22:31'),
(4255, 8, 1, '2021-01-13 11:22:58'),
(4256, 8, 3, '2021-01-13 11:23:00'),
(4257, 8, 26, '2021-01-13 11:23:03'),
(4258, 8, 27, '2021-01-13 11:23:05'),
(4259, 8, 28, '2021-01-13 11:23:07'),
(4260, 8, 28, '2021-01-13 11:24:01'),
(4261, 8, 28, '2021-01-13 11:24:03'),
(4262, 8, 27, '2021-01-13 11:24:12'),
(4263, 8, 2, '2021-01-13 11:24:13'),
(4264, 3, 1, '2021-01-13 11:24:17'),
(4265, 3, 30, '2021-01-13 11:24:18'),
(4266, 3, 32, '2021-01-13 11:24:19'),
(4267, 3, 32, '2021-01-13 11:24:29'),
(4268, 3, 36, '2021-01-13 11:24:42'),
(4269, 3, 32, '2021-01-13 11:24:42'),
(4270, 3, 32, '2021-01-13 11:25:53'),
(4271, 3, 32, '2021-01-13 11:25:55'),
(4272, 3, 32, '2021-01-13 11:25:55'),
(4273, 3, 32, '2021-01-13 11:26:06'),
(4274, 3, 32, '2021-01-13 11:26:07'),
(4275, 3, 32, '2021-01-13 11:26:08'),
(4276, 3, 32, '2021-01-13 11:26:13'),
(4277, 3, 30, '2021-01-13 11:26:17'),
(4278, 3, 32, '2021-01-13 11:26:18'),
(4279, 3, 36, '2021-01-13 11:26:25'),
(4280, 3, 32, '2021-01-13 11:26:26'),
(4281, 3, 30, '2021-01-13 11:27:28'),
(4282, 3, 32, '2021-01-13 11:27:29'),
(4283, 3, 22, '2021-01-13 11:27:41'),
(4284, 3, 30, '2021-01-13 11:27:42'),
(4285, 3, 2, '2021-01-13 11:27:45'),
(4286, 8, 1, '2021-01-13 11:27:49'),
(4287, 8, 21, '2021-01-13 11:27:51'),
(4288, 8, 29, '2021-01-13 11:27:52'),
(4289, 8, 29, '2021-01-13 11:29:07'),
(4290, 8, 2, '2021-01-13 11:29:20'),
(4291, 3, 1, '2021-01-13 11:29:23'),
(4292, 3, 30, '2021-01-13 11:29:25'),
(4293, 3, 32, '2021-01-13 11:29:26'),
(4294, 3, 22, '2021-01-13 11:29:30'),
(4295, 3, 30, '2021-01-13 11:29:31'),
(4296, 3, 2, '2021-01-13 11:29:36'),
(4297, 8, 1, '2021-01-13 11:29:39'),
(4298, 8, 24, '2021-01-13 11:29:44'),
(4299, 8, 21, '2021-01-13 11:29:46'),
(4300, 8, 29, '2021-01-13 11:29:50'),
(4301, 8, 22, '2021-01-13 11:29:55'),
(4302, 8, 21, '2021-01-13 11:29:55'),
(4303, 8, 26, '2021-01-13 11:30:01'),
(4304, 8, 21, '2021-01-13 11:30:58'),
(4305, 8, 22, '2021-01-13 11:31:02'),
(4306, 8, 21, '2021-01-13 11:31:02'),
(4307, 8, 26, '2021-01-13 11:32:05'),
(4308, 8, 25, '2021-01-13 11:32:06'),
(4309, 8, 35, '2021-01-13 11:32:10'),
(4310, 8, 25, '2021-01-13 11:32:10'),
(4311, 8, 26, '2021-01-13 11:32:14'),
(4312, 8, 25, '2021-01-13 11:32:16'),
(4313, 8, 6, '2021-01-13 11:32:20'),
(4314, 8, 20, '2021-01-13 11:36:34'),
(4315, 8, 46, '2021-01-13 11:36:40'),
(4316, 8, 46, '2021-01-13 11:36:45'),
(4317, 8, 46, '2021-01-13 11:36:57'),
(4318, 8, 30, '2021-01-13 11:36:59'),
(4319, 8, 6, '2021-01-13 11:37:09'),
(4320, 8, 6, '2021-01-13 11:37:10'),
(4321, 8, 6, '2021-01-13 11:37:14'),
(4322, 8, 30, '2021-01-13 11:37:19'),
(4323, 8, 2, '2021-01-13 11:37:22'),
(4324, 1, 1, '2021-01-13 11:37:27'),
(4325, 1, 3, '2021-01-13 11:37:35'),
(4326, 1, 4, '2021-01-13 11:38:26'),
(4327, 1, 3, '2021-01-13 11:38:27'),
(4328, 1, 2, '2021-01-13 11:38:34'),
(4329, 8, 1, '2021-01-13 11:38:40'),
(4330, 8, 6, '2021-01-13 11:38:47'),
(4331, 8, 7, '2021-01-13 11:38:50'),
(4332, 8, 8, '2021-01-13 11:38:52'),
(4333, 8, 6, '2021-01-13 11:38:53'),
(4334, 8, 7, '2021-01-13 11:39:01'),
(4335, 8, 6, '2021-01-13 11:39:03'),
(4336, 8, 2, '2021-01-13 11:39:07'),
(4337, 1, 1, '2021-01-13 11:39:11'),
(4338, 1, 3, '2021-01-13 11:39:15'),
(4339, 1, 2, '2021-01-13 11:39:21'),
(4340, 8, 1, '2021-01-13 11:39:26'),
(4341, 8, 2, '2021-01-13 11:41:28'),
(4342, 1, 1, '2021-01-13 11:41:43'),
(4343, 1, 3, '2021-01-13 11:41:45'),
(4344, 1, 9, '2021-01-13 11:41:49'),
(4345, 1, 2, '2021-01-13 11:42:35'),
(4346, 8, 1, '2021-01-13 11:42:41'),
(4347, 8, 6, '2021-01-13 11:42:49'),
(4348, 8, 20, '2021-01-13 11:42:56'),
(4349, 8, 46, '2021-01-13 11:44:11'),
(4350, 8, 46, '2021-01-13 11:44:13'),
(4351, 8, 46, '2021-01-13 11:44:15'),
(4352, 8, 46, '2021-01-13 11:44:17');

-- --------------------------------------------------------

--
-- Table structure for table `log_function`
--

CREATE TABLE `log_function` (
  `ID` int(11) NOT NULL,
  `Name` varchar(255) NOT NULL
) ENGINE=InnoDB DEFAULT CHARSET=utf8mb4;

--
-- Dumping data for table `log_function`
--

INSERT INTO `log_function` (`ID`, `Name`) VALUES
(1, 'Login'),
(2, 'Logout'),
(3, 'Request Membership Page'),
(4, 'Submit New Membership Application'),
(5, 'Update Existing Membership Application'),
(6, 'Request Membership Approval Page'),
(7, 'Inspects Memeership Application'),
(8, 'Update Membership Application Status'),
(9, 'Pay Membership Fees'),
(10, 'Delete Membership Application'),
(11, 'Register '),
(12, 'Submit Search Users'),
(13, 'Search All Userss'),
(14, 'Add New UserType'),
(15, 'Choose Payment Method'),
(16, 'Pay Visa'),
(17, 'Pay Fawry'),
(18, 'Donate'),
(19, 'Add New Journal'),
(20, 'Manage Journal'),
(21, 'Manage Articles'),
(22, 'Update Status'),
(23, 'Delete Article'),
(24, 'Request New Article'),
(25, 'Edit Recent Submitted Article'),
(26, 'Manage My Articles'),
(27, 'View Single Article Review'),
(28, 'View Single Review Feedbacks'),
(29, 'Assign New Reviewer For A Single Article'),
(30, 'Manage Reviews Assigned To Reviewer By The Admin'),
(31, 'Delete Review'),
(32, 'View Single Review & Pass Information'),
(33, 'Decline Reviewing For Assigned Review From The Admin'),
(34, 'Submit New Article'),
(35, 'Edit & Update Recent Article'),
(36, 'Submit Feedback'),
(37, 'Submit Assign'),
(38, 'Insert Symposia'),
(39, 'Reserve Symposia'),
(40, 'View Symposia'),
(41, 'Approve Symposia'),
(42, 'Submit Creating New Symposia'),
(43, 'Edit Symposia'),
(44, 'Update Symposia'),
(45, 'Cancel Current Symposia'),
(46, 'Show Report'),
(47, 'Registers');

-- --------------------------------------------------------

--
-- Table structure for table `membership`
--

CREATE TABLE `membership` (
  `ID` int(11) NOT NULL,
  `ProductID` int(11) NOT NULL,
  `NID` varchar(255) NOT NULL,
  `JobName` varchar(255) NOT NULL,
  `JobAddress` varchar(255) NOT NULL,
  `JobPhone` varchar(255) NOT NULL,
  `Organization` varchar(255) NOT NULL
) ENGINE=InnoDB DEFAULT CHARSET=utf8mb4;

--
-- Dumping data for table `membership`
--

INSERT INTO `membership` (`ID`, `ProductID`, `NID`, `JobName`, `JobAddress`, `JobPhone`, `Organization`) VALUES
(1, 3, '12345678999', 'Chemist', '37 Broad st.', '0123456789', 'egyptian society');

-- --------------------------------------------------------

--
-- Table structure for table `membership_qualification`
--

CREATE TABLE `membership_qualification` (
  `ID` int(11) NOT NULL,
  `MembershipID` int(11) NOT NULL,
  `Name` varchar(255) NOT NULL,
  `Date` date NOT NULL
) ENGINE=InnoDB DEFAULT CHARSET=utf8mb4;

--
-- Dumping data for table `membership_qualification`
--

INSERT INTO `membership_qualification` (`ID`, `MembershipID`, `Name`, `Date`) VALUES
(1, 1, 'Chemist', '2021-01-07');

-- --------------------------------------------------------

--
-- Table structure for table `messages`
--

CREATE TABLE `messages` (
  `ID` int(11) NOT NULL,
  `Message` text NOT NULL
) ENGINE=InnoDB DEFAULT CHARSET=utf8mb4;

--
-- Dumping data for table `messages`
--

INSERT INTO `messages` (`ID`, `Message`) VALUES
(1, 'Invalid User, Try Again!'),
(2, 'Passwords Do Not Match!'),
(3, 'Thank you for siggning up at the Egyptian Society for Analytic Chemistry.');

-- --------------------------------------------------------

--
-- Table structure for table `message_user`
--

CREATE TABLE `message_user` (
  `ID` int(11) NOT NULL,
  `MessageID` int(11) NOT NULL,
  `UserID` int(11) NOT NULL,
  `DateTimeStamp` timestamp NOT NULL DEFAULT current_timestamp()
) ENGINE=InnoDB DEFAULT CHARSET=utf8mb4;

-- --------------------------------------------------------

--
-- Table structure for table `operators`
--

CREATE TABLE `operators` (
  `ID` int(11) NOT NULL,
  `Operator` varchar(255) NOT NULL
) ENGINE=InnoDB DEFAULT CHARSET=utf8mb4;

--
-- Dumping data for table `operators`
--

INSERT INTO `operators` (`ID`, `Operator`) VALUES
(1, '='),
(2, '>'),
(3, '<'),
(4, '!='),
(5, '>='),
(6, '<=');

-- --------------------------------------------------------

--
-- Table structure for table `pages`
--

CREATE TABLE `pages` (
  `ID` int(11) NOT NULL,
  `Name` varchar(255) NOT NULL,
  `HTML` text NOT NULL
) ENGINE=InnoDB DEFAULT CHARSET=utf8mb4;

--
-- Dumping data for table `pages`
--

INSERT INTO `pages` (`ID`, `Name`, `HTML`) VALUES
(1, 'Index', '<div class=\"Landing\"></div>\r\n<div class=\"Index\">\r\n     <h1>Index</h1>\r\n</div>'),
(2, 'Home', '<div class=\"Home\">\r\n            <h1>Egyptian Society of Analytic Chemistry</h1>\r\n            <div class=\"SympSlides fade\">\r\n                <img src=\"\' . URLROOT . \'/Public/img/H1.png\">\r\n            </div>\r\n            <div class=\"SympSlides fade\">\r\n                <img src=\"\' . URLROOT . \'/Public/img/H2.png\">\r\n            </div>\r\n            <div class=\"SympSlides fade\">\r\n                <img src=\"\' . URLROOT . \'/Public/img/H3.png\">\r\n            </div>\r\n            <div class=\"SympSlides fade\">\r\n                <img src=\"\' . URLROOT . \'/Public/img/H4.png\">\r\n            </div>\r\n            <div class=\"SympSlides fade\">\r\n                <img src=\"\' . URLROOT . \'/Public/img/H5.png\">\r\n            </div>\r\n            <div class=\"SympSlides fade\">\r\n                <img src=\"\' . URLROOT . \'/Public/img/H6.png\">\r\n            </div>\r\n            <div class=\"SympSlides fade\">\r\n                <img src=\"\' . URLROOT . \'/Public/img/H7.png\">\r\n            </div>\r\n            <div class=\"SympSlides fade\">\r\n                <img src=\"\' . URLROOT . \'/Public/img/H8.png\">\r\n            </div>\r\n            <div class=\"SympDot\">\r\n                <span class=\"dot\"></span>\r\n                <span class=\"dot\"></span>\r\n                <span class=\"dot\"></span>\r\n                <span class=\"dot\"></span> \r\n                <span class=\"dot\"></span> \r\n                <span class=\"dot\"></span> \r\n                <span class=\"dot\"></span> \r\n                <span class=\"dot\"></span> \r\n            </div>\r\n            <section>\r\n                <p id=\"par1\">\r\n                    The co-operation between Egypt and the Working Party of Analytical \r\n                    Chemistry (WPAC) of the Federation of European Chemical Societies (FECS) \r\n                    started rather early in the year 1979 when Professor Khater had the honor \r\n                    to be nominated by the Egyptian Chemical Society and Cairo University to \r\n                    represent Egyptas an observer in WPAC.One of the most important results of \r\n                    this sincere and friendly co-operation was the first International Symposium on New Trends in \r\n                    Chemistry, the role of Analytical Chemistry in National Development that \r\n                    was held at Cairo in January 1984 and supported by WPAC and TU Vienna.\r\n                    To conclude, the main goal of the Society is to stimulate the progress \r\n                    of Analytical Chemistry and to draw the attention of colleagues and \r\n                    decision makers to the importance of Analytical Chemistry for the welfare\r\n                    of Community and for a better life. We are honored and grateful for the\r\n                    support which we had got from the late Professors Dr. H. Khalifa and \r\n                    Dr. E. Khairy without which we could not have achieved any success.\r\n                </p>\r\n            </section>\r\n        </div>\r\n\r\n<script>\r\n    var slideIndex = 0;\r\n    showSlides();\r\n    function showSlides() {\r\n    var i;\r\n    var slides = document.getElementsByClassName(\"SympSlides\");\r\n    var dots = document.getElementsByClassName(\"dot\");\r\n    for (i = 0; i < slides.length; i++) {\r\n        slides[i].style.display = \"none\";  \r\n    }\r\n    slideIndex++;\r\n    if (slideIndex > slides.length) {slideIndex = 1}    \r\n    for (i = 0; i < dots.length; i++) {\r\n        dots[i].className = dots[i].className.replace(\" Sactive\", \"\");\r\n    }\r\n    slides[slideIndex-1].style.display = \"block\";  \r\n    dots[slideIndex-1].className += \" Sactive\";\r\n    setTimeout(showSlides, 2000); // Change image every 2 seconds\r\n    }\r\n</script>'),
(3, 'About', ' <div class=\"About\">\r\n            <h1>About EGSAC</h1>\r\n            <section>\r\n                <p>\r\n                    The co-operation between Egypt and the Working Party of Analytical Chemistry (WPAC) of the\r\n                    Federation of European Chemical Societies (FECS) started rather early in the year 1979 \r\n                    when I had the honor to be nominated by the Egyptian Chemical Society and Cairo University \r\n                    to represent Egypt as an observer in WPAC. Prof. H. Malissa, the chairman of the WPAC \r\n                    suggested an expanded scientific co-operation. We had many meetings together with \r\n                    Prof. R. Kellner as the secretary and Prof. M. Grasserbauer in the TU Vienna. \r\n                    The discussions were about the transfer of knowledge between north and south and how \r\n                    both sides would benefit from such cooperation. One of the most important results of this \r\n                    sincere and friendly co-operation was the first International Symposium on New Trends in \r\n                    Chemistry, the role of Analytical Chemistry in National Development that was held at \r\n                    Cairo in January 1984 and supported by WPAC and TU Vienna. Pronounced scientific support \r\n                    was established by the presence of ten professors who were members of the WPAC, \r\n                    representing Austria, Belgium, Finland, Germany, Hungary and United Kingdom. It was a \r\n                    very successful broad spectrum Analytical Symposium which aimed to draw the attention of \r\n                    decision makers in Egypt about the importance of Analytical Chemistry in all aspects of life. \r\n                    The recommendations of this Symposium were then circulated to all interested and important groups.\r\n                    According to one of the recommendations, the Egyptian Society of Analytical Chemistry was founded \r\n                    and registered in 1986. In addition, annual publication of the Egyptian Journal of Analytical\r\n                    Chemistry (EJAC) began. It is abstracted in both the Analytical and Chemical Abstracts. Volume \r\n                    25 is now in the final preparation. The success of the first symposium encouraged us to \r\n                    process the following volumes in 1989, 1994, 1997, 2000, 2003 and 2006... The support and \r\n                    co-operation of the WPAC continued. I was honored to be elected several times as the \r\n                    Chairperson of the Egyptian Society for Analytical Chemistry and to see its growing \r\n                    success. The support of Egyptian, Arabic and European friends and colleagues members of \r\n                    the Scientific Community who showed real understanding for scientific achievements and \r\n                    that we have to co-operate to keep it in the best living conditions for new generations \r\n                    to come. Since the start of the activity of the Egyptian Society of Analytical Chemistry \r\n                    (ESAC) our interest was to strengthen the co-operation between Analytical Chemists in\r\n                    Egypt with Arabic and African colleagues so we joined the Arabic Union of Chemists in 1998 \r\n                    becoming an active member. In 2006 we shared in founding the African Federation of Societies \r\n                    of Chemistry (FASC), of which I am honored being the Vice chairperson of the Federation.\r\n                    To conclude, the main goal of the Society is to stimulate the progress of Analytical Chemistry \r\n                    and to draw the attention of colleagues and decision makers to the importance of \r\n                    Analytical Chemistry for the welfare of Community and for a better life. We are honored \r\n                    and grateful for the support which we had got from the late Professors Dr. H. Khalifa \r\n                    and Dr. E. Khairy without which we could not have achieved any success. Thanks are due \r\n                    to all Rectors of Cairo University, Presidents of the Egyptian Academy of Science and \r\n                    research from 1984 till now for their understanding and support.\r\n                </p>\r\n            </section>\r\n        </div>'),
(4, 'Journal', '<h1>JOURNAL</h1>'),
(5, 'Symposia', '<h1>SYMPOSIA</h1>'),
(6, 'Contact', '<div class=\"Contact\">\r\n            <h1>Contact Us</h1>\r\n            <span>\r\n                <h3>Prof. Dr. M.M.Khater</h3> \r\n                <div class=\"info\">\r\n                    Mobile: 012239523 <br> Office: 0235676559 <br> Email: motazamohamed.khater@yahoo.com \r\n                </div>\r\n            </span>\r\n            <span>\r\n                <h3>Prof.Dr. Y.M.Issa</h3> \r\n                <div class=\"info\">\r\n                    Mobile: 01005600793 <br> Office: 0235676579 <br> Email: yousrymi@yahoo.com\r\n                </div>\r\n            </span>\r\n            <span> \r\n                <h3>Prof.Dr. M.A.Zayed</h3> \r\n                <div class=\"info\">\r\n                    Mobile: 01005776675 <br> Office: 0235676624 <br> Email: mazayed429@yahoo.com\r\n                </div>\r\n            </span>\r\n        </div>'),
(7, 'Header', '<!DOCTYPE html>\r\n<html lang=\"en\">\r\n\r\n    <head>\r\n        <title>EGSAC</title>\r\n\r\n        <meta charset=\"UTF-8\">\r\n        <meta http-quive=\"Cache-control\" content=\"no-cache\">\r\n        <meta name=\"viewport\" content=\"width=device-width, initial-scale=1.0\">'),
(8, 'Footer', '        <div class=\"Footer\">             <p>Copyrights &copy; 2020 EGSAC. All Rights Reserved.</p>         </div>          <!--------------------[ Script ]-------------------->          <script src=\"http://localhost/WebProjects/EGSAC/Public/js/Main.js?<?php echo time(); ?>\"></script>                  <!-------------------------------------------------->      </body> </html>');

-- --------------------------------------------------------

--
-- Table structure for table `pages_link`
--

CREATE TABLE `pages_link` (
  `ID` int(11) NOT NULL,
  `PageID` int(11) NOT NULL,
  `LinkID` int(11) NOT NULL
) ENGINE=InnoDB DEFAULT CHARSET=utf8mb4;

--
-- Dumping data for table `pages_link`
--

INSERT INTO `pages_link` (`ID`, `PageID`, `LinkID`) VALUES
(1, 1, 1),
(2, 2, 1),
(3, 3, 1),
(4, 4, 1),
(5, 5, 1),
(6, 6, 1);

-- --------------------------------------------------------

--
-- Table structure for table `payment`
--

CREATE TABLE `payment` (
  `ID` int(11) NOT NULL,
  `ProductID` int(11) NOT NULL,
  `PayAmount` int(11) NOT NULL,
  `Created` timestamp NOT NULL DEFAULT current_timestamp(),
  `Updated` timestamp NOT NULL DEFAULT current_timestamp()
) ENGINE=InnoDB DEFAULT CHARSET=utf8mb4;

--
-- Dumping data for table `payment`
--

INSERT INTO `payment` (`ID`, `ProductID`, `PayAmount`, `Created`, `Updated`) VALUES
(1, 1, 145, '2021-01-13 10:53:30', '2021-01-13 10:53:30'),
(2, 2, 245, '2021-01-13 11:30:34', '2021-01-13 11:30:34'),
(3, 3, 175, '2021-01-13 11:42:15', '2021-01-13 11:42:15');

-- --------------------------------------------------------

--
-- Table structure for table `payment_attribute`
--

CREATE TABLE `payment_attribute` (
  `ID` int(11) NOT NULL,
  `Name` varchar(255) NOT NULL,
  `EntityID` int(11) NOT NULL
) ENGINE=InnoDB DEFAULT CHARSET=utf8mb4;

--
-- Dumping data for table `payment_attribute`
--

INSERT INTO `payment_attribute` (`ID`, `Name`, `EntityID`) VALUES
(1, 'CardName', 1),
(2, 'CardNumber', 1),
(3, 'Exp', 1),
(4, 'CVC', 1),
(5, 'RefrenceNumber', 2),
(6, 'Telephone', 3),
(7, 'Location', 3),
(8, 'TransactionID', 4),
(9, 'TransactionDate', 4);

-- --------------------------------------------------------

--
-- Table structure for table `payment_entity`
--

CREATE TABLE `payment_entity` (
  `ID` int(11) NOT NULL,
  `Entity_Name` varchar(255) NOT NULL
) ENGINE=InnoDB DEFAULT CHARSET=utf8mb4;

--
-- Dumping data for table `payment_entity`
--

INSERT INTO `payment_entity` (`ID`, `Entity_Name`) VALUES
(1, 'Credit'),
(2, 'Fawry'),
(3, 'Vodafone Cash'),
(4, 'Transaction');

-- --------------------------------------------------------

--
-- Table structure for table `payment_status`
--

CREATE TABLE `payment_status` (
  `ID` int(11) NOT NULL,
  `PaymentID` int(11) NOT NULL,
  `StatusID` int(11) NOT NULL
) ENGINE=InnoDB DEFAULT CHARSET=utf8mb4;

--
-- Dumping data for table `payment_status`
--

INSERT INTO `payment_status` (`ID`, `PaymentID`, `StatusID`) VALUES
(1, 1, 5),
(2, 2, 5),
(3, 3, 5);

-- --------------------------------------------------------

--
-- Table structure for table `pay_value`
--

CREATE TABLE `pay_value` (
  `ID` int(11) NOT NULL,
  `PaymentID` int(11) NOT NULL,
  `AttributeID` int(11) NOT NULL,
  `PValue` varchar(255) NOT NULL
) ENGINE=InnoDB DEFAULT CHARSET=utf8mb4;

--
-- Dumping data for table `pay_value`
--

INSERT INTO `pay_value` (`ID`, `PaymentID`, `AttributeID`, `PValue`) VALUES
(1, 1, 6, '0123456789'),
(2, 1, 7, '37 broad st.'),
(3, 2, 1, 'Omar'),
(4, 2, 2, '11223344'),
(5, 2, 3, '09/22'),
(6, 2, 4, '221'),
(7, 3, 8, '8890473'),
(8, 3, 9, '22/12/2020');

-- --------------------------------------------------------

--
-- Table structure for table `position`
--

CREATE TABLE `position` (
  `ID` int(11) NOT NULL,
  `Position` varchar(255) NOT NULL
) ENGINE=InnoDB DEFAULT CHARSET=utf8mb4;

-- --------------------------------------------------------

--
-- Table structure for table `prodextra_payentity`
--

CREATE TABLE `prodextra_payentity` (
  `PdeID` int(11) NOT NULL,
  `ID` int(11) NOT NULL,
  `ProdExtraID` int(11) NOT NULL
) ENGINE=InnoDB DEFAULT CHARSET=utf8mb4;

--
-- Dumping data for table `prodextra_payentity`
--

INSERT INTO `prodextra_payentity` (`PdeID`, `ID`, `ProdExtraID`) VALUES
(4, 2, 1),
(5, 1, 1),
(6, 2, 2),
(7, 2, 3),
(8, 4, 3),
(9, 6, 4),
(10, 2, 4);

-- --------------------------------------------------------

--
-- Table structure for table `product`
--

CREATE TABLE `product` (
  `ID` int(11) NOT NULL,
  `ProductTypeID` int(11) NOT NULL,
  `UserID` int(11) NOT NULL,
  `Created` timestamp NOT NULL DEFAULT current_timestamp(),
  `Updated` timestamp NOT NULL DEFAULT current_timestamp(),
  `IsDeleted` tinyint(4) NOT NULL
) ENGINE=InnoDB DEFAULT CHARSET=utf8mb4;

--
-- Dumping data for table `product`
--

INSERT INTO `product` (`ID`, `ProductTypeID`, `UserID`, `Created`, `Updated`, `IsDeleted`) VALUES
(1, 3, 8, '2021-01-13 10:47:08', '2021-01-13 10:47:08', 0),
(2, 1, 8, '2021-01-13 11:17:29', '2021-01-13 11:17:29', 0),
(3, 2, 1, '2021-01-13 11:38:26', '2021-01-13 11:38:26', 0);

-- --------------------------------------------------------

--
-- Table structure for table `product_extra`
--

CREATE TABLE `product_extra` (
  `ProdExtraID` int(11) NOT NULL,
  `ProdExtraName` varchar(255) NOT NULL,
  `ProdExtra_Price` int(11) NOT NULL
) ENGINE=InnoDB DEFAULT CHARSET=utf8mb4;

--
-- Dumping data for table `product_extra`
--

INSERT INTO `product_extra` (`ProdExtraID`, `ProdExtraName`, `ProdExtra_Price`) VALUES
(1, 'VisaCharge', 20),
(2, 'Tax', 25),
(3, 'TicketMeal', 60),
(4, 'VAT', 20),
(5, 'Extra', 60),
(6, 'TransactinExtra', 50);

-- --------------------------------------------------------

--
-- Table structure for table `product_status`
--

CREATE TABLE `product_status` (
  `ID` int(11) NOT NULL,
  `ProductID` int(11) NOT NULL,
  `StatusID` int(11) NOT NULL
) ENGINE=InnoDB DEFAULT CHARSET=utf8mb4;

--
-- Dumping data for table `product_status`
--

INSERT INTO `product_status` (`ID`, `ProductID`, `StatusID`) VALUES
(1, 2, 7),
(2, 3, 3);

-- --------------------------------------------------------

--
-- Table structure for table `product_type`
--

CREATE TABLE `product_type` (
  `ID` int(11) NOT NULL,
  `Type` varchar(255) NOT NULL
) ENGINE=InnoDB DEFAULT CHARSET=utf8mb4;

--
-- Dumping data for table `product_type`
--

INSERT INTO `product_type` (`ID`, `Type`) VALUES
(1, 'Article'),
(2, 'Membership'),
(3, 'Ticket'),
(4, 'Donation'),
(5, 'McDonalds'),
(6, 'Book');

-- --------------------------------------------------------

--
-- Table structure for table `product_type_price`
--

CREATE TABLE `product_type_price` (
  `ID` int(11) NOT NULL,
  `ProductTypeID` int(11) NOT NULL,
  `Price` int(11) NOT NULL
) ENGINE=InnoDB DEFAULT CHARSET=utf8mb4;

--
-- Dumping data for table `product_type_price`
--

INSERT INTO `product_type_price` (`ID`, `ProductTypeID`, `Price`) VALUES
(1, 1, 200),
(2, 2, 100),
(4, 3, 100),
(5, 4, 0),
(6, 5, 700),
(7, 6, 140);

-- --------------------------------------------------------

--
-- Table structure for table `report`
--

CREATE TABLE `report` (
  `ID` int(11) NOT NULL,
  `SQLName` varchar(255) NOT NULL,
  `SQLQ` varchar(255) NOT NULL,
  `TableID` int(11) NOT NULL
) ENGINE=InnoDB DEFAULT CHARSET=utf8mb4;

--
-- Dumping data for table `report`
--

INSERT INTO `report` (`ID`, `SQLName`, `SQLQ`, `TableID`) VALUES
(1, 'Only Members & Guests', 'SELECT * FROM Users WHERE UserTypeID = \'1\' OR UserTypeID = \'2\';', 7);

-- --------------------------------------------------------

--
-- Table structure for table `status`
--

CREATE TABLE `status` (
  `ID` int(11) NOT NULL,
  `Status` varchar(255) NOT NULL
) ENGINE=InnoDB DEFAULT CHARSET=utf8mb4;

--
-- Dumping data for table `status`
--

INSERT INTO `status` (`ID`, `Status`) VALUES
(1, 'Pending'),
(2, 'Rejected'),
(3, 'Accepted'),
(4, 'Not Payed'),
(5, 'Payed'),
(6, 'Reviewing'),
(7, 'Approved'),
(8, 'Accept With Minor Revision'),
(9, 'Accept With Major Revision'),
(10, 'Accept'),
(11, 'Reject');

-- --------------------------------------------------------

--
-- Table structure for table `symposia_date`
--

CREATE TABLE `symposia_date` (
  `ID` int(11) NOT NULL,
  `EventID` int(11) NOT NULL,
  `DateID` int(11) NOT NULL
) ENGINE=InnoDB DEFAULT CHARSET=utf8mb4;

--
-- Dumping data for table `symposia_date`
--

INSERT INTO `symposia_date` (`ID`, `EventID`, `DateID`) VALUES
(1, 2, 2);

-- --------------------------------------------------------

--
-- Table structure for table `tables`
--

CREATE TABLE `tables` (
  `ID` int(11) NOT NULL,
  `Name` varchar(255) NOT NULL
) ENGINE=InnoDB DEFAULT CHARSET=utf8mb4;

--
-- Dumping data for table `tables`
--

INSERT INTO `tables` (`ID`, `Name`) VALUES
(1, 'Membership'),
(2, 'Event'),
(3, 'Product'),
(4, 'Category'),
(5, 'UserType'),
(6, 'Career'),
(7, 'Users'),
(8, 'Payment'),
(9, 'Article'),
(10, 'Article_Feedback');

-- --------------------------------------------------------

--
-- Table structure for table `theme`
--

CREATE TABLE `theme` (
  `ID` int(11) NOT NULL,
  `Name` varchar(255) NOT NULL,
  `ThemeHTML` text NOT NULL,
  `PositionID` int(11) NOT NULL,
  `PID` int(11) NOT NULL
) ENGINE=InnoDB DEFAULT CHARSET=utf8mb4;

-- --------------------------------------------------------

--
-- Table structure for table `ticket`
--

CREATE TABLE `ticket` (
  `ID` int(11) NOT NULL,
  `ProductID` int(11) NOT NULL,
  `EventID` int(11) NOT NULL,
  `Quantity` int(11) NOT NULL
) ENGINE=InnoDB DEFAULT CHARSET=utf8mb4;

--
-- Dumping data for table `ticket`
--

INSERT INTO `ticket` (`ID`, `ProductID`, `EventID`, `Quantity`) VALUES
(1, 1, 2, 299);

-- --------------------------------------------------------

--
-- Table structure for table `translation`
--

CREATE TABLE `translation` (
  `ID` int(11) NOT NULL,
  `Name` varchar(255) NOT NULL,
  `FirstLang` varchar(255) NOT NULL,
  `SecondLang` varchar(255) NOT NULL
) ENGINE=InnoDB DEFAULT CHARSET=utf8mb4;

-- --------------------------------------------------------

--
-- Table structure for table `translationdetails`
--

CREATE TABLE `translationdetails` (
  `ID` int(11) NOT NULL,
  `TranslationID` int(11) NOT NULL,
  `WordID` int(11) NOT NULL,
  `TransWordID` int(11) NOT NULL
) ENGINE=InnoDB DEFAULT CHARSET=utf8mb4;

-- --------------------------------------------------------

--
-- Table structure for table `users`
--

CREATE TABLE `users` (
  `ID` int(11) NOT NULL,
  `UserTypeID` int(11) NOT NULL,
  `Username` varchar(255) NOT NULL,
  `Email` varchar(255) NOT NULL,
  `Password` text NOT NULL,
  `FirstName` varchar(255) NOT NULL,
  `LastName` varchar(255) NOT NULL,
  `DOB` date NOT NULL,
  `GenderID` int(11) NOT NULL,
  `Created` timestamp NOT NULL DEFAULT current_timestamp(),
  `Updated` timestamp NOT NULL DEFAULT current_timestamp(),
  `IsDeleted` tinyint(4) NOT NULL
) ENGINE=InnoDB DEFAULT CHARSET=utf8mb4;

--
-- Dumping data for table `users`
--

INSERT INTO `users` (`ID`, `UserTypeID`, `Username`, `Email`, `Password`, `FirstName`, `LastName`, `DOB`, `GenderID`, `Created`, `Updated`, `IsDeleted`) VALUES
(1, 1, 'guest', 'User1@Email.com', '$2y$10$P8zV4LX19QqP6VM2nMx.DOshboJRX4z64agApN248flSV3fNYF7/.', 'First', 'User', '0000-00-00', 1, '2020-12-16 22:47:43', '2020-12-26 21:22:29', 0),
(2, 2, 'member', 'User2@Email.com', '$2y$10$P8zV4LX19QqP6VM2nMx.DOshboJRX4z64agApN248flSV3fNYF7/.', 'Second', 'User', '0000-00-00', 1, '2020-12-16 22:47:43', '2020-12-26 21:22:29', 0),
(3, 3, 'board', 'User3@Email.com', '$2y$10$P8zV4LX19QqP6VM2nMx.DOshboJRX4z64agApN248flSV3fNYF7/.', 'Third', 'User', '0000-00-00', 1, '2020-12-16 22:47:43', '2020-12-26 21:22:29', 0),
(4, 4, 'vice', 'User4@Email.com', '$2y$10$P8zV4LX19QqP6VM2nMx.DOshboJRX4z64agApN248flSV3fNYF7/.', 'Fourth', 'User', '0000-00-00', 1, '2020-12-16 22:47:43', '2020-12-26 21:22:29', 0),
(5, 5, 'president', 'User5@Email.com', '$2y$10$P8zV4LX19QqP6VM2nMx.DOshboJRX4z64agApN248flSV3fNYF7/.', 'Fifth', 'User', '0000-00-00', 2, '2020-12-16 22:47:43', '2020-12-26 21:22:29', 0),
(6, 6, 'secretary', 'User6@Email.com', '$2y$10$P8zV4LX19QqP6VM2nMx.DOshboJRX4z64agApN248flSV3fNYF7/.', 'Sixth', 'User', '0000-00-00', 2, '2020-12-16 22:47:43', '2020-12-26 21:22:29', 0),
(7, 7, 'cashier', 'User7@Email.com', '$2y$10$P8zV4LX19QqP6VM2nMx.DOshboJRX4z64agApN248flSV3fNYF7/.', 'Seventh', 'User', '0000-00-00', 2, '2020-12-16 22:47:43', '2020-12-26 21:22:29', 0),
(8, 8, 'admin', 'admin@Email.com', '$2y$10$7abDhrR7oeqp.XbbbhUFBOc2WKmq6kmsVK8mrA0fB6BbU9Kl2Ygv6', 'admin', 'admin', '0000-00-00', 1, '2020-12-28 00:02:42', '2020-12-28 00:02:42', 0);

-- --------------------------------------------------------

--
-- Table structure for table `usertype`
--

CREATE TABLE `usertype` (
  `ID` int(11) NOT NULL,
  `Type` varchar(255) NOT NULL
) ENGINE=InnoDB DEFAULT CHARSET=utf8mb4;

--
-- Dumping data for table `usertype`
--

INSERT INTO `usertype` (`ID`, `Type`) VALUES
(1, 'Guest'),
(2, 'Member'),
(3, 'BoardMember'),
(4, 'VicePresident'),
(5, 'President'),
(6, 'Secretary'),
(7, 'Cashier'),
(8, 'Admin');

-- --------------------------------------------------------

--
-- Table structure for table `usertype_links`
--

CREATE TABLE `usertype_links` (
  `ID` int(11) NOT NULL,
  `UserTypeID` int(11) NOT NULL,
  `LinkID` int(11) NOT NULL
) ENGINE=InnoDB DEFAULT CHARSET=utf8mb4;

--
-- Dumping data for table `usertype_links`
--

INSERT INTO `usertype_links` (`ID`, `UserTypeID`, `LinkID`) VALUES
(1, 1, 8),
(2, 1, 3),
(3, 1, 11),
(4, 2, 3),
(5, 2, 4),
(6, 2, 11),
(7, 3, 3),
(8, 3, 4),
(9, 3, 5),
(10, 3, 11),
(11, 4, 2),
(12, 4, 3),
(13, 4, 4),
(15, 4, 7),
(16, 4, 9),
(17, 4, 10),
(18, 4, 11),
(20, 4, 13),
(21, 4, 14),
(22, 1, 15),
(23, 2, 15),
(24, 3, 15),
(25, 4, 15),
(26, 1, 4),
(27, 1, 16),
(28, 2, 16),
(29, 3, 16),
(30, 4, 16),
(31, 4, 17),
(32, 4, 18),
(67, 8, 17),
(68, 8, 19),
(69, 8, 18),
(70, 8, 20),
(71, 8, 13),
(72, 8, 7),
(73, 8, 2),
(74, 8, 5),
(75, 8, 9),
(76, 8, 10),
(77, 8, 14),
(78, 8, 3),
(79, 8, 4),
(80, 8, 11),
(81, 8, 8),
(82, 8, 15),
(83, 8, 16),
(86, 8, 21),
(87, 8, 22);

-- --------------------------------------------------------

--
-- Table structure for table `user_address`
--

CREATE TABLE `user_address` (
  `ID` int(11) NOT NULL,
  `UserID` int(11) NOT NULL,
  `AddressID` int(11) NOT NULL
) ENGINE=InnoDB DEFAULT CHARSET=utf8mb4;

--
-- Dumping data for table `user_address`
--

INSERT INTO `user_address` (`ID`, `UserID`, `AddressID`) VALUES
(1, 8, 10),
(2, 10, 10);

-- --------------------------------------------------------

--
-- Table structure for table `user_career`
--

CREATE TABLE `user_career` (
  `ID` int(11) NOT NULL,
  `UserID` int(11) NOT NULL,
  `CareerID` int(11) NOT NULL
) ENGINE=InnoDB DEFAULT CHARSET=utf8mb4;

--
-- Dumping data for table `user_career`
--

INSERT INTO `user_career` (`ID`, `UserID`, `CareerID`) VALUES
(1, 3, 1),
(2, 3, 12);

-- --------------------------------------------------------

--
-- Table structure for table `user_phone`
--

CREATE TABLE `user_phone` (
  `ID` int(11) NOT NULL,
  `UserID` int(11) NOT NULL,
  `Phone` varchar(255) NOT NULL
) ENGINE=InnoDB DEFAULT CHARSET=utf8mb4;

--
-- Dumping data for table `user_phone`
--

INSERT INTO `user_phone` (`ID`, `UserID`, `Phone`) VALUES
(1, 1, '0123456789'),
(2, 2, '0123456789'),
(3, 3, '0123456789'),
(4, 4, '0123456789'),
(5, 5, '0123456789'),
(6, 6, '0123456789'),
(7, 7, '0123456789'),
(8, 8, '0123456789');

-- --------------------------------------------------------

--
-- Table structure for table `user_report`
--

CREATE TABLE `user_report` (
  `ID` int(11) NOT NULL,
  `UserID` int(11) NOT NULL,
  `ReportID` int(11) NOT NULL
) ENGINE=InnoDB DEFAULT CHARSET=utf8mb4;

--
-- Dumping data for table `user_report`
--

INSERT INTO `user_report` (`ID`, `UserID`, `ReportID`) VALUES
(1, 8, 1);

-- --------------------------------------------------------

--
-- Table structure for table `word`
--

CREATE TABLE `word` (
  `ID` int(11) NOT NULL,
  `LanguageID` int(11) NOT NULL,
  `Word` varchar(255) NOT NULL
) ENGINE=InnoDB DEFAULT CHARSET=utf8mb4;

--
-- Indexes for dumped tables
--

--
-- Indexes for table `address`
--
ALTER TABLE `address`
  ADD PRIMARY KEY (`ID`),
  ADD KEY `PID` (`PID`);

--
-- Indexes for table `article`
--
ALTER TABLE `article`
  ADD PRIMARY KEY (`ID`),
  ADD KEY `EventID` (`EventID`);

--
-- Indexes for table `article_feedback`
--
ALTER TABLE `article_feedback`
  ADD PRIMARY KEY (`ID`),
  ADD KEY `ReviewID` (`ReviewID`);

--
-- Indexes for table `article_review`
--
ALTER TABLE `article_review`
  ADD PRIMARY KEY (`ID`),
  ADD KEY `ArticleID` (`ArticleID`),
  ADD KEY `UserID` (`UserID`);

--
-- Indexes for table `career`
--
ALTER TABLE `career`
  ADD PRIMARY KEY (`ID`),
  ADD KEY `CategoryID` (`CategoryID`);

--
-- Indexes for table `category`
--
ALTER TABLE `category`
  ADD PRIMARY KEY (`ID`);

--
-- Indexes for table `date`
--
ALTER TABLE `date`
  ADD PRIMARY KEY (`ID`);

--
-- Indexes for table `date_day`
--
ALTER TABLE `date_day`
  ADD PRIMARY KEY (`ID`);

--
-- Indexes for table `date_month`
--
ALTER TABLE `date_month`
  ADD PRIMARY KEY (`ID`);

--
-- Indexes for table `date_time`
--
ALTER TABLE `date_time`
  ADD PRIMARY KEY (`ID`);

--
-- Indexes for table `event`
--
ALTER TABLE `event`
  ADD PRIMARY KEY (`ID`),
  ADD KEY `EventTypeID` (`EventTypeID`);

--
-- Indexes for table `event_category`
--
ALTER TABLE `event_category`
  ADD PRIMARY KEY (`ID`),
  ADD KEY `EventID` (`EventID`),
  ADD KEY `CategoryID` (`CategoryID`);

--
-- Indexes for table `event_type`
--
ALTER TABLE `event_type`
  ADD PRIMARY KEY (`ID`);

--
-- Indexes for table `files`
--
ALTER TABLE `files`
  ADD PRIMARY KEY (`ID`),
  ADD KEY `FileTypeID` (`FileTypeID`),
  ADD KEY `UserID` (`UserID`);

--
-- Indexes for table `filetype`
--
ALTER TABLE `filetype`
  ADD PRIMARY KEY (`ID`);

--
-- Indexes for table `gender`
--
ALTER TABLE `gender`
  ADD PRIMARY KEY (`ID`);

--
-- Indexes for table `language`
--
ALTER TABLE `language`
  ADD PRIMARY KEY (`ID`);

--
-- Indexes for table `links`
--
ALTER TABLE `links`
  ADD PRIMARY KEY (`ID`);

--
-- Indexes for table `log`
--
ALTER TABLE `log`
  ADD PRIMARY KEY (`ID`),
  ADD KEY `UserID` (`UserID`),
  ADD KEY `FunctionID` (`FunctionID`);

--
-- Indexes for table `log_function`
--
ALTER TABLE `log_function`
  ADD PRIMARY KEY (`ID`);

--
-- Indexes for table `membership`
--
ALTER TABLE `membership`
  ADD PRIMARY KEY (`ID`),
  ADD KEY `ProductID` (`ProductID`);

--
-- Indexes for table `membership_qualification`
--
ALTER TABLE `membership_qualification`
  ADD PRIMARY KEY (`ID`),
  ADD KEY `MembershipID` (`MembershipID`);

--
-- Indexes for table `messages`
--
ALTER TABLE `messages`
  ADD PRIMARY KEY (`ID`);

--
-- Indexes for table `message_user`
--
ALTER TABLE `message_user`
  ADD PRIMARY KEY (`ID`),
  ADD KEY `MessageID` (`MessageID`),
  ADD KEY `UserID` (`UserID`);

--
-- Indexes for table `operators`
--
ALTER TABLE `operators`
  ADD PRIMARY KEY (`ID`);

--
-- Indexes for table `pages`
--
ALTER TABLE `pages`
  ADD PRIMARY KEY (`ID`);

--
-- Indexes for table `pages_link`
--
ALTER TABLE `pages_link`
  ADD PRIMARY KEY (`ID`),
  ADD KEY `PageID` (`PageID`),
  ADD KEY `LinkID` (`LinkID`);

--
-- Indexes for table `payment`
--
ALTER TABLE `payment`
  ADD PRIMARY KEY (`ID`),
  ADD KEY `ProductID` (`ProductID`);

--
-- Indexes for table `payment_attribute`
--
ALTER TABLE `payment_attribute`
  ADD PRIMARY KEY (`ID`),
  ADD KEY `EntityID` (`EntityID`);

--
-- Indexes for table `payment_entity`
--
ALTER TABLE `payment_entity`
  ADD PRIMARY KEY (`ID`);

--
-- Indexes for table `payment_status`
--
ALTER TABLE `payment_status`
  ADD PRIMARY KEY (`ID`),
  ADD KEY `PaymentID` (`PaymentID`),
  ADD KEY `StatusID` (`StatusID`);

--
-- Indexes for table `pay_value`
--
ALTER TABLE `pay_value`
  ADD PRIMARY KEY (`ID`),
  ADD KEY `PaymentID` (`PaymentID`),
  ADD KEY `AttributeID` (`AttributeID`);

--
-- Indexes for table `position`
--
ALTER TABLE `position`
  ADD PRIMARY KEY (`ID`);

--
-- Indexes for table `prodextra_payentity`
--
ALTER TABLE `prodextra_payentity`
  ADD PRIMARY KEY (`PdeID`),
  ADD KEY `PayEntityID` (`ID`),
  ADD KEY `ProdExtraID` (`ProdExtraID`);

--
-- Indexes for table `product`
--
ALTER TABLE `product`
  ADD PRIMARY KEY (`ID`),
  ADD KEY `TypeID` (`ProductTypeID`),
  ADD KEY `UserID` (`UserID`);

--
-- Indexes for table `product_extra`
--
ALTER TABLE `product_extra`
  ADD PRIMARY KEY (`ProdExtraID`);

--
-- Indexes for table `product_status`
--
ALTER TABLE `product_status`
  ADD PRIMARY KEY (`ID`),
  ADD KEY `ProductID` (`ProductID`),
  ADD KEY `StatusID` (`StatusID`);

--
-- Indexes for table `product_type`
--
ALTER TABLE `product_type`
  ADD PRIMARY KEY (`ID`);

--
-- Indexes for table `product_type_price`
--
ALTER TABLE `product_type_price`
  ADD PRIMARY KEY (`ID`),
  ADD KEY `ProductTypeID` (`ProductTypeID`);

--
-- Indexes for table `report`
--
ALTER TABLE `report`
  ADD PRIMARY KEY (`ID`);

--
-- Indexes for table `status`
--
ALTER TABLE `status`
  ADD PRIMARY KEY (`ID`);

--
-- Indexes for table `symposia_date`
--
ALTER TABLE `symposia_date`
  ADD PRIMARY KEY (`ID`);

--
-- Indexes for table `tables`
--
ALTER TABLE `tables`
  ADD PRIMARY KEY (`ID`);

--
-- Indexes for table `theme`
--
ALTER TABLE `theme`
  ADD PRIMARY KEY (`ID`),
  ADD KEY `PositionID` (`PositionID`),
  ADD KEY `PID` (`PID`);

--
-- Indexes for table `ticket`
--
ALTER TABLE `ticket`
  ADD PRIMARY KEY (`ID`),
  ADD KEY `ProductID` (`ProductID`),
  ADD KEY `EventID` (`EventID`);

--
-- Indexes for table `translation`
--
ALTER TABLE `translation`
  ADD PRIMARY KEY (`ID`);

--
-- Indexes for table `translationdetails`
--
ALTER TABLE `translationdetails`
  ADD PRIMARY KEY (`ID`),
  ADD KEY `TranslationID` (`TranslationID`),
  ADD KEY `TransWordID` (`TransWordID`),
  ADD KEY `WordID` (`WordID`);

--
-- Indexes for table `users`
--
ALTER TABLE `users`
  ADD PRIMARY KEY (`ID`),
  ADD KEY `UserTypeID` (`UserTypeID`),
  ADD KEY `GenderID` (`GenderID`);

--
-- Indexes for table `usertype`
--
ALTER TABLE `usertype`
  ADD PRIMARY KEY (`ID`);

--
-- Indexes for table `usertype_links`
--
ALTER TABLE `usertype_links`
  ADD PRIMARY KEY (`ID`),
  ADD KEY `LinkID` (`LinkID`),
  ADD KEY `UserTypeID` (`UserTypeID`);

--
-- Indexes for table `user_address`
--
ALTER TABLE `user_address`
  ADD PRIMARY KEY (`ID`),
  ADD KEY `user_address_ibfk_1` (`UserID`),
  ADD KEY `AddressID` (`AddressID`);

--
-- Indexes for table `user_career`
--
ALTER TABLE `user_career`
  ADD PRIMARY KEY (`ID`),
  ADD KEY `CareerID` (`CareerID`),
  ADD KEY `UserID` (`UserID`);

--
-- Indexes for table `user_phone`
--
ALTER TABLE `user_phone`
  ADD PRIMARY KEY (`ID`),
  ADD KEY `UserID` (`UserID`);

--
-- Indexes for table `user_report`
--
ALTER TABLE `user_report`
  ADD PRIMARY KEY (`ID`);

--
-- Indexes for table `word`
--
ALTER TABLE `word`
  ADD PRIMARY KEY (`ID`),
  ADD KEY `LanguageID` (`LanguageID`);

--
-- AUTO_INCREMENT for dumped tables
--

--
-- AUTO_INCREMENT for table `address`
--
ALTER TABLE `address`
  MODIFY `ID` int(11) NOT NULL AUTO_INCREMENT, AUTO_INCREMENT=12;

--
-- AUTO_INCREMENT for table `article`
--
ALTER TABLE `article`
  MODIFY `ID` int(11) NOT NULL AUTO_INCREMENT, AUTO_INCREMENT=2;

--
-- AUTO_INCREMENT for table `article_feedback`
--
ALTER TABLE `article_feedback`
  MODIFY `ID` int(11) NOT NULL AUTO_INCREMENT, AUTO_INCREMENT=4;

--
-- AUTO_INCREMENT for table `article_review`
--
ALTER TABLE `article_review`
  MODIFY `ID` int(11) NOT NULL AUTO_INCREMENT, AUTO_INCREMENT=2;

--
-- AUTO_INCREMENT for table `career`
--
ALTER TABLE `career`
  MODIFY `ID` int(11) NOT NULL AUTO_INCREMENT, AUTO_INCREMENT=13;

--
-- AUTO_INCREMENT for table `category`
--
ALTER TABLE `category`
  MODIFY `ID` int(11) NOT NULL AUTO_INCREMENT, AUTO_INCREMENT=4;

--
-- AUTO_INCREMENT for table `date`
--
ALTER TABLE `date`
  MODIFY `ID` int(11) NOT NULL AUTO_INCREMENT, AUTO_INCREMENT=7;

--
-- AUTO_INCREMENT for table `date_day`
--
ALTER TABLE `date_day`
  MODIFY `ID` int(11) NOT NULL AUTO_INCREMENT, AUTO_INCREMENT=8;

--
-- AUTO_INCREMENT for table `date_month`
--
ALTER TABLE `date_month`
  MODIFY `ID` int(11) NOT NULL AUTO_INCREMENT, AUTO_INCREMENT=13;

--
-- AUTO_INCREMENT for table `date_time`
--
ALTER TABLE `date_time`
  MODIFY `ID` int(11) NOT NULL AUTO_INCREMENT, AUTO_INCREMENT=3;

--
-- AUTO_INCREMENT for table `event`
--
ALTER TABLE `event`
  MODIFY `ID` int(11) NOT NULL AUTO_INCREMENT, AUTO_INCREMENT=3;

--
-- AUTO_INCREMENT for table `event_category`
--
ALTER TABLE `event_category`
  MODIFY `ID` int(11) NOT NULL AUTO_INCREMENT, AUTO_INCREMENT=2;

--
-- AUTO_INCREMENT for table `event_type`
--
ALTER TABLE `event_type`
  MODIFY `ID` int(11) NOT NULL AUTO_INCREMENT, AUTO_INCREMENT=5;

--
-- AUTO_INCREMENT for table `files`
--
ALTER TABLE `files`
  MODIFY `ID` int(11) NOT NULL AUTO_INCREMENT;

--
-- AUTO_INCREMENT for table `filetype`
--
ALTER TABLE `filetype`
  MODIFY `ID` int(11) NOT NULL AUTO_INCREMENT;

--
-- AUTO_INCREMENT for table `gender`
--
ALTER TABLE `gender`
  MODIFY `ID` int(11) NOT NULL AUTO_INCREMENT, AUTO_INCREMENT=3;

--
-- AUTO_INCREMENT for table `language`
--
ALTER TABLE `language`
  MODIFY `ID` int(11) NOT NULL AUTO_INCREMENT;

--
-- AUTO_INCREMENT for table `links`
--
ALTER TABLE `links`
  MODIFY `ID` int(11) NOT NULL AUTO_INCREMENT, AUTO_INCREMENT=23;

--
-- AUTO_INCREMENT for table `log`
--
ALTER TABLE `log`
  MODIFY `ID` int(11) NOT NULL AUTO_INCREMENT, AUTO_INCREMENT=4353;

--
-- AUTO_INCREMENT for table `log_function`
--
ALTER TABLE `log_function`
  MODIFY `ID` int(11) NOT NULL AUTO_INCREMENT, AUTO_INCREMENT=48;

--
-- AUTO_INCREMENT for table `membership`
--
ALTER TABLE `membership`
  MODIFY `ID` int(11) NOT NULL AUTO_INCREMENT, AUTO_INCREMENT=2;

--
-- AUTO_INCREMENT for table `membership_qualification`
--
ALTER TABLE `membership_qualification`
  MODIFY `ID` int(11) NOT NULL AUTO_INCREMENT, AUTO_INCREMENT=2;

--
-- AUTO_INCREMENT for table `messages`
--
ALTER TABLE `messages`
  MODIFY `ID` int(11) NOT NULL AUTO_INCREMENT, AUTO_INCREMENT=4;

--
-- AUTO_INCREMENT for table `message_user`
--
ALTER TABLE `message_user`
  MODIFY `ID` int(11) NOT NULL AUTO_INCREMENT;

--
-- AUTO_INCREMENT for table `operators`
--
ALTER TABLE `operators`
  MODIFY `ID` int(11) NOT NULL AUTO_INCREMENT, AUTO_INCREMENT=7;

--
-- AUTO_INCREMENT for table `pages`
--
ALTER TABLE `pages`
  MODIFY `ID` int(11) NOT NULL AUTO_INCREMENT, AUTO_INCREMENT=9;

--
-- AUTO_INCREMENT for table `pages_link`
--
ALTER TABLE `pages_link`
  MODIFY `ID` int(11) NOT NULL AUTO_INCREMENT, AUTO_INCREMENT=7;

--
-- AUTO_INCREMENT for table `payment`
--
ALTER TABLE `payment`
  MODIFY `ID` int(11) NOT NULL AUTO_INCREMENT, AUTO_INCREMENT=4;

--
-- AUTO_INCREMENT for table `payment_attribute`
--
ALTER TABLE `payment_attribute`
  MODIFY `ID` int(11) NOT NULL AUTO_INCREMENT, AUTO_INCREMENT=10;

--
-- AUTO_INCREMENT for table `payment_entity`
--
ALTER TABLE `payment_entity`
  MODIFY `ID` int(11) NOT NULL AUTO_INCREMENT, AUTO_INCREMENT=5;

--
-- AUTO_INCREMENT for table `payment_status`
--
ALTER TABLE `payment_status`
  MODIFY `ID` int(11) NOT NULL AUTO_INCREMENT, AUTO_INCREMENT=4;

--
-- AUTO_INCREMENT for table `pay_value`
--
ALTER TABLE `pay_value`
  MODIFY `ID` int(11) NOT NULL AUTO_INCREMENT, AUTO_INCREMENT=9;

--
-- AUTO_INCREMENT for table `position`
--
ALTER TABLE `position`
  MODIFY `ID` int(11) NOT NULL AUTO_INCREMENT;

--
-- AUTO_INCREMENT for table `prodextra_payentity`
--
ALTER TABLE `prodextra_payentity`
  MODIFY `PdeID` int(11) NOT NULL AUTO_INCREMENT, AUTO_INCREMENT=11;

--
-- AUTO_INCREMENT for table `product`
--
ALTER TABLE `product`
  MODIFY `ID` int(11) NOT NULL AUTO_INCREMENT, AUTO_INCREMENT=4;

--
-- AUTO_INCREMENT for table `product_extra`
--
ALTER TABLE `product_extra`
  MODIFY `ProdExtraID` int(11) NOT NULL AUTO_INCREMENT, AUTO_INCREMENT=7;

--
-- AUTO_INCREMENT for table `product_status`
--
ALTER TABLE `product_status`
  MODIFY `ID` int(11) NOT NULL AUTO_INCREMENT, AUTO_INCREMENT=3;

--
-- AUTO_INCREMENT for table `product_type`
--
ALTER TABLE `product_type`
  MODIFY `ID` int(11) NOT NULL AUTO_INCREMENT, AUTO_INCREMENT=7;

--
-- AUTO_INCREMENT for table `product_type_price`
--
ALTER TABLE `product_type_price`
  MODIFY `ID` int(11) NOT NULL AUTO_INCREMENT, AUTO_INCREMENT=8;

--
-- AUTO_INCREMENT for table `report`
--
ALTER TABLE `report`
  MODIFY `ID` int(11) NOT NULL AUTO_INCREMENT, AUTO_INCREMENT=2;

--
-- AUTO_INCREMENT for table `status`
--
ALTER TABLE `status`
  MODIFY `ID` int(11) NOT NULL AUTO_INCREMENT, AUTO_INCREMENT=12;

--
-- AUTO_INCREMENT for table `symposia_date`
--
ALTER TABLE `symposia_date`
  MODIFY `ID` int(11) NOT NULL AUTO_INCREMENT, AUTO_INCREMENT=2;

--
-- AUTO_INCREMENT for table `tables`
--
ALTER TABLE `tables`
  MODIFY `ID` int(11) NOT NULL AUTO_INCREMENT, AUTO_INCREMENT=11;

--
-- AUTO_INCREMENT for table `theme`
--
ALTER TABLE `theme`
  MODIFY `ID` int(11) NOT NULL AUTO_INCREMENT;

--
-- AUTO_INCREMENT for table `ticket`
--
ALTER TABLE `ticket`
  MODIFY `ID` int(11) NOT NULL AUTO_INCREMENT, AUTO_INCREMENT=2;

--
-- AUTO_INCREMENT for table `translation`
--
ALTER TABLE `translation`
  MODIFY `ID` int(11) NOT NULL AUTO_INCREMENT;

--
-- AUTO_INCREMENT for table `translationdetails`
--
ALTER TABLE `translationdetails`
  MODIFY `ID` int(11) NOT NULL AUTO_INCREMENT;

--
-- AUTO_INCREMENT for table `users`
--
ALTER TABLE `users`
  MODIFY `ID` int(11) NOT NULL AUTO_INCREMENT, AUTO_INCREMENT=9;

--
-- AUTO_INCREMENT for table `usertype`
--
ALTER TABLE `usertype`
  MODIFY `ID` int(11) NOT NULL AUTO_INCREMENT, AUTO_INCREMENT=9;

--
-- AUTO_INCREMENT for table `usertype_links`
--
ALTER TABLE `usertype_links`
  MODIFY `ID` int(11) NOT NULL AUTO_INCREMENT, AUTO_INCREMENT=88;

--
-- AUTO_INCREMENT for table `user_address`
--
ALTER TABLE `user_address`
  MODIFY `ID` int(11) NOT NULL AUTO_INCREMENT, AUTO_INCREMENT=3;

--
-- AUTO_INCREMENT for table `user_career`
--
ALTER TABLE `user_career`
  MODIFY `ID` int(11) NOT NULL AUTO_INCREMENT, AUTO_INCREMENT=7;

--
-- AUTO_INCREMENT for table `user_phone`
--
ALTER TABLE `user_phone`
  MODIFY `ID` int(11) NOT NULL AUTO_INCREMENT, AUTO_INCREMENT=9;

--
-- AUTO_INCREMENT for table `user_report`
--
ALTER TABLE `user_report`
  MODIFY `ID` int(11) NOT NULL AUTO_INCREMENT, AUTO_INCREMENT=2;

--
-- AUTO_INCREMENT for table `word`
--
ALTER TABLE `word`
  MODIFY `ID` int(11) NOT NULL AUTO_INCREMENT;

--
-- Constraints for dumped tables
--

--
-- Constraints for table `address`
--
ALTER TABLE `address`
  ADD CONSTRAINT `address_ibfk_1` FOREIGN KEY (`PID`) REFERENCES `address` (`ID`) ON DELETE NO ACTION ON UPDATE NO ACTION;

--
-- Constraints for table `article`
--
ALTER TABLE `article`
  ADD CONSTRAINT `article_ibfk_1` FOREIGN KEY (`EventID`) REFERENCES `event` (`ID`);

--
-- Constraints for table `article_feedback`
--
ALTER TABLE `article_feedback`
  ADD CONSTRAINT `article_feedback_ibfk_1` FOREIGN KEY (`ReviewID`) REFERENCES `article_review` (`ID`);

--
-- Constraints for table `article_review`
--
ALTER TABLE `article_review`
  ADD CONSTRAINT `article_review_ibfk_1` FOREIGN KEY (`ArticleID`) REFERENCES `article` (`ID`),
  ADD CONSTRAINT `article_review_ibfk_2` FOREIGN KEY (`UserID`) REFERENCES `users` (`ID`);

--
-- Constraints for table `career`
--
ALTER TABLE `career`
  ADD CONSTRAINT `career_ibfk_1` FOREIGN KEY (`CategoryID`) REFERENCES `category` (`ID`);

--
-- Constraints for table `event`
--
ALTER TABLE `event`
  ADD CONSTRAINT `event_ibfk_1` FOREIGN KEY (`EventTypeID`) REFERENCES `event_type` (`ID`);

--
-- Constraints for table `event_category`
--
ALTER TABLE `event_category`
  ADD CONSTRAINT `event_category_ibfk_1` FOREIGN KEY (`EventID`) REFERENCES `event` (`ID`),
  ADD CONSTRAINT `event_category_ibfk_2` FOREIGN KEY (`CategoryID`) REFERENCES `category` (`ID`);

--
-- Constraints for table `files`
--
ALTER TABLE `files`
  ADD CONSTRAINT `files_ibfk_1` FOREIGN KEY (`FileTypeID`) REFERENCES `filetype` (`ID`),
  ADD CONSTRAINT `files_ibfk_2` FOREIGN KEY (`UserID`) REFERENCES `users` (`ID`);

--
-- Constraints for table `log`
--
ALTER TABLE `log`
  ADD CONSTRAINT `log_ibfk_1` FOREIGN KEY (`UserID`) REFERENCES `users` (`ID`),
  ADD CONSTRAINT `log_ibfk_2` FOREIGN KEY (`FunctionID`) REFERENCES `log_function` (`ID`);

--
-- Constraints for table `membership`
--
ALTER TABLE `membership`
  ADD CONSTRAINT `membership_ibfk_1` FOREIGN KEY (`ProductID`) REFERENCES `product` (`ID`);

--
-- Constraints for table `membership_qualification`
--
ALTER TABLE `membership_qualification`
  ADD CONSTRAINT `membership_qualification_ibfk_1` FOREIGN KEY (`MembershipID`) REFERENCES `membership` (`ID`);

--
-- Constraints for table `message_user`
--
ALTER TABLE `message_user`
  ADD CONSTRAINT `message_user_ibfk_1` FOREIGN KEY (`MessageID`) REFERENCES `messages` (`ID`),
  ADD CONSTRAINT `message_user_ibfk_2` FOREIGN KEY (`UserID`) REFERENCES `users` (`ID`);

--
-- Constraints for table `pages_link`
--
ALTER TABLE `pages_link`
  ADD CONSTRAINT `pages_link_ibfk_1` FOREIGN KEY (`PageID`) REFERENCES `pages` (`ID`) ON DELETE NO ACTION ON UPDATE NO ACTION,
  ADD CONSTRAINT `pages_link_ibfk_2` FOREIGN KEY (`LinkID`) REFERENCES `links` (`ID`) ON DELETE NO ACTION ON UPDATE NO ACTION;

--
-- Constraints for table `payment`
--
ALTER TABLE `payment`
  ADD CONSTRAINT `payment_ibfk_1` FOREIGN KEY (`ProductID`) REFERENCES `product` (`ID`) ON DELETE NO ACTION ON UPDATE NO ACTION;

--
-- Constraints for table `payment_attribute`
--
ALTER TABLE `payment_attribute`
  ADD CONSTRAINT `payment_attribute_ibfk_1` FOREIGN KEY (`EntityID`) REFERENCES `payment_entity` (`ID`);

--
-- Constraints for table `payment_status`
--
ALTER TABLE `payment_status`
  ADD CONSTRAINT `payment_status_ibfk_1` FOREIGN KEY (`PaymentID`) REFERENCES `payment` (`ID`) ON DELETE NO ACTION ON UPDATE NO ACTION,
  ADD CONSTRAINT `payment_status_ibfk_2` FOREIGN KEY (`StatusID`) REFERENCES `status` (`ID`) ON DELETE NO ACTION ON UPDATE NO ACTION;

--
-- Constraints for table `pay_value`
--
ALTER TABLE `pay_value`
  ADD CONSTRAINT `pay_value_ibfk_1` FOREIGN KEY (`PaymentID`) REFERENCES `payment` (`ID`),
  ADD CONSTRAINT `pay_value_ibfk_2` FOREIGN KEY (`AttributeID`) REFERENCES `payment_attribute` (`ID`);

--
-- Constraints for table `prodextra_payentity`
--
ALTER TABLE `prodextra_payentity`
  ADD CONSTRAINT `prodextra_payentity_ibfk_1` FOREIGN KEY (`ID`) REFERENCES `product_extra` (`ProdExtraID`) ON DELETE NO ACTION ON UPDATE NO ACTION,
  ADD CONSTRAINT `prodextra_payentity_ibfk_2` FOREIGN KEY (`ProdExtraID`) REFERENCES `payment_entity` (`ID`) ON DELETE NO ACTION ON UPDATE NO ACTION;

--
-- Constraints for table `product`
--
ALTER TABLE `product`
  ADD CONSTRAINT `product_ibfk_1` FOREIGN KEY (`ProductTypeID`) REFERENCES `product_type` (`ID`),
  ADD CONSTRAINT `product_ibfk_2` FOREIGN KEY (`UserID`) REFERENCES `users` (`ID`);

--
-- Constraints for table `product_status`
--
ALTER TABLE `product_status`
  ADD CONSTRAINT `product_status_ibfk_1` FOREIGN KEY (`ProductID`) REFERENCES `product` (`ID`) ON DELETE NO ACTION ON UPDATE NO ACTION,
  ADD CONSTRAINT `product_status_ibfk_2` FOREIGN KEY (`StatusID`) REFERENCES `status` (`ID`) ON DELETE NO ACTION ON UPDATE NO ACTION;

--
-- Constraints for table `product_type_price`
--
ALTER TABLE `product_type_price`
  ADD CONSTRAINT `product_type_price_ibfk_1` FOREIGN KEY (`ProductTypeID`) REFERENCES `product_type` (`ID`);

--
-- Constraints for table `theme`
--
ALTER TABLE `theme`
  ADD CONSTRAINT `theme_ibfk_1` FOREIGN KEY (`PositionID`) REFERENCES `position` (`ID`),
  ADD CONSTRAINT `theme_ibfk_2` FOREIGN KEY (`PID`) REFERENCES `theme` (`ID`);

--
-- Constraints for table `ticket`
--
ALTER TABLE `ticket`
  ADD CONSTRAINT `ticket_ibfk_1` FOREIGN KEY (`ProductID`) REFERENCES `product` (`ID`),
  ADD CONSTRAINT `ticket_ibfk_2` FOREIGN KEY (`EventID`) REFERENCES `event` (`ID`);

--
-- Constraints for table `translationdetails`
--
ALTER TABLE `translationdetails`
  ADD CONSTRAINT `translationdetails_ibfk_1` FOREIGN KEY (`TranslationID`) REFERENCES `translation` (`ID`),
  ADD CONSTRAINT `translationdetails_ibfk_2` FOREIGN KEY (`TransWordID`) REFERENCES `word` (`ID`),
  ADD CONSTRAINT `translationdetails_ibfk_3` FOREIGN KEY (`WordID`) REFERENCES `word` (`ID`) ON DELETE NO ACTION ON UPDATE NO ACTION;

--
-- Constraints for table `users`
--
ALTER TABLE `users`
  ADD CONSTRAINT `users_ibfk_1` FOREIGN KEY (`UserTypeID`) REFERENCES `usertype` (`ID`),
  ADD CONSTRAINT `users_ibfk_2` FOREIGN KEY (`GenderID`) REFERENCES `gender` (`ID`);

--
-- Constraints for table `usertype_links`
--
ALTER TABLE `usertype_links`
  ADD CONSTRAINT `usertype_links_ibfk_1` FOREIGN KEY (`LinkID`) REFERENCES `links` (`ID`) ON DELETE NO ACTION ON UPDATE NO ACTION,
  ADD CONSTRAINT `usertype_links_ibfk_2` FOREIGN KEY (`UserTypeID`) REFERENCES `usertype` (`ID`) ON DELETE NO ACTION ON UPDATE NO ACTION;

--
-- Constraints for table `user_address`
--
ALTER TABLE `user_address`
  ADD CONSTRAINT `user_address_ibfk_1` FOREIGN KEY (`UserID`) REFERENCES `users` (`ID`),
  ADD CONSTRAINT `user_address_ibfk_2` FOREIGN KEY (`AddressID`) REFERENCES `address` (`ID`);

--
-- Constraints for table `user_career`
--
ALTER TABLE `user_career`
  ADD CONSTRAINT `user_career_ibfk_1` FOREIGN KEY (`CareerID`) REFERENCES `career` (`ID`),
  ADD CONSTRAINT `user_career_ibfk_2` FOREIGN KEY (`UserID`) REFERENCES `users` (`ID`) ON DELETE NO ACTION ON UPDATE NO ACTION;

--
-- Constraints for table `user_phone`
--
ALTER TABLE `user_phone`
  ADD CONSTRAINT `user_phone_ibfk_1` FOREIGN KEY (`UserID`) REFERENCES `users` (`ID`);

--
-- Constraints for table `word`
--
ALTER TABLE `word`
  ADD CONSTRAINT `word_ibfk_1` FOREIGN KEY (`LanguageID`) REFERENCES `language` (`ID`) ON DELETE NO ACTION ON UPDATE NO ACTION;
COMMIT;

/*!40101 SET CHARACTER_SET_CLIENT=@OLD_CHARACTER_SET_CLIENT */;
/*!40101 SET CHARACTER_SET_RESULTS=@OLD_CHARACTER_SET_RESULTS */;
/*!40101 SET COLLATION_CONNECTION=@OLD_COLLATION_CONNECTION */;
